car_id,brand,model,year,price_lakh,fuel_type,car_type,engine_cc,horsepower,mileage_kmpl,cylinders,engine_type,engine_size,fuel_system,stroke,max_speed_kmph,peak_rpm,drive_wheel,door_number,engine_location,length_mm,width_mm,height_mm,wheelbase_mm,weight_kg,battery_capacity_kwh,range_km,transmission
1,Hyundai,Creta,2023,28.4,Electric,Sedan,0,193,0.0,0,DOHC,0.0,Battery,0.0,186,0,FWD,5,Front,4448,1817,1858,2606,1606,39,387,Automatic
2,Mahindra,XUV700,2021,23.4,Petrol,SUV,1000,67,19.5,6,DOHC,1.0,MPFI,89.5,179,5903,FWD,4,Front,4996,1538,1491,2321,1169,,,Manual
3,Hyundai,i20,2026,32.1,CNG,SUV,1500,148,19.0,6,DOHC,1.5,MPFI,93.0,167,4518,RWD,5,Front,4167,1875,1622,2308,1135,,,Automatic
4,MG,Hector,2020,23.8,CNG,SUV,800,75,12.5,3,DOHC,0.8,MPFI,71.4,229,5200,FWD,4,Front,3602,1990,1806,2996,2104,,,Manual
5,Maruti Suzuki,Swift,2018,11.1,Electric,Sedan,0,72,0.0,0,DOHC,0.0,Battery,0.0,245,0,AWD,4,Front,4342,1852,1869,2750,1122,35,228,Automatic
6,Audi,A6,2018,15.4,Electric,SUV,0,133,0.0,0,DOHC,0.0,Battery,0.0,222,0,RWD,5,Front,4521,1881,1834,2892,2170,52,410,Manual
7,Hyundai,i20,2019,26.7,CNG,Sedan,1000,69,21.6,4,DOHC,1.0,MPFI,74.1,145,4923,RWD,4,Front,4236,1554,1861,2767,1156,,,Manual
8,Toyota,Fortuner,2020,39.7,Diesel,Sedan,2000,142,24.7,6,DOHC,2.0,MPFI,98.3,153,5368,FWD,5,Front,3821,1881,1868,2539,848,,,Manual
9,Honda,City,2022,29.4,Petrol,Sedan,1000,96,12.0,4,DOHC,1.0,MPFI,85.3,222,5578,FWD,5,Front,3591,1755,1839,2695,930,,,Automatic
10,Mercedes-Benz,C-Class,2020,24.9,CNG,SUV,1200,85,21.6,6,DOHC,1.2,MPFI,71.9,143,4810,FWD,4,Front,4952,1852,1513,2646,1491,,,Manual
11,Volkswagen,Taigun,2021,20.8,Petrol,Hatchback,800,72,23.2,3,DOHC,0.8,MPFI,77.3,166,4256,FWD,5,Front,4821,1971,1890,2968,1531,,,Manual
12,Hyundai,i20,2019,26.7,CNG,SUV,1200,73,17.6,6,DOHC,1.2,MPFI,83.9,132,4554,RWD,5,Front,4718,1895,1602,2608,1170,,,Manual
13,Skoda,Slavia,2025,23.5,Diesel,Sedan,800,56,23.2,6,DOHC,0.8,MPFI,84.3,143,4910,AWD,5,Front,4872,1590,1683,2572,1069,,,Automatic
14,Mahindra,Scorpio,2024,45.3,CNG,Hatchback,2000,179,23.3,4,DOHC,2.0,MPFI,79.5,157,4466,AWD,5,Front,3996,1563,1596,2757,1892,,,Manual
15,Hyundai,i20,2017,62.7,Diesel,Hatchback,3000,294,19.5,3,DOHC,3.0,MPFI,81.7,127,5417,RWD,5,Front,4103,1838,1818,2364,2030,,,Manual
16,BMW,X1,2022,18.2,Electric,Sedan,0,128,0.0,0,DOHC,0.0,Battery,0.0,212,0,FWD,5,Front,3534,1751,1534,2568,1049,75,330,Automatic
17,Hyundai,i20,2020,26.8,Diesel,Hatchback,1200,84,19.4,3,DOHC,1.2,MPFI,88.0,172,5211,AWD,4,Front,4398,1764,1891,2441,1675,,,Manual
18,MG,Hector,2019,27.7,Diesel,SUV,1200,118,16.1,4,DOHC,1.2,MPFI,95.6,132,6338,FWD,5,Front,3604,1595,1775,2411,1934,,,Automatic
19,Mahindra,XUV700,2020,24.0,Electric,Hatchback,0,153,0.0,0,DOHC,0.0,Battery,0.0,120,0,RWD,4,Front,3637,1908,1840,2424,1896,44,441,Manual
20,Hyundai,Creta,2024,18.9,Electric,SUV,0,167,0.0,0,DOHC,0.0,Battery,0.0,234,0,AWD,5,Front,3639,1704,1790,2304,843,57,329,Automatic
21,Tata,Nexon,2024,22.6,Electric,SUV,0,171,0.0,0,DOHC,0.0,Battery,0.0,160,0,AWD,5,Front,4693,1738,1883,2743,1260,78,349,Manual
22,Mercedes-Benz,C-Class,2024,61.1,Diesel,SUV,3000,267,24.5,6,DOHC,3.0,MPFI,88.9,186,4772,RWD,4,Front,3715,1579,1802,2973,1972,,,Manual
23,Hyundai,i20,2017,25.7,Diesel,SUV,800,78,22.9,6,DOHC,0.8,MPFI,90.4,156,5469,RWD,4,Front,4401,1966,1718,2631,925,,,Manual
24,Mercedes-Benz,C-Class,2021,24.5,Petrol,Sedan,1200,96,14.4,6,DOHC,1.2,MPFI,77.9,230,4300,FWD,4,Front,4686,1851,1799,2893,2088,,,Manual
25,Mahindra,XUV700,2025,29.1,Diesel,Hatchback,1500,108,13.7,6,DOHC,1.5,MPFI,71.1,216,5223,FWD,4,Front,4540,1628,1435,2874,1106,,,Automatic
26,Kia,Seltos,2018,58.9,Petrol,Sedan,3000,209,17.3,3,DOHC,3.0,MPFI,86.7,176,4633,FWD,5,Front,3856,1582,1485,2348,1056,,,Automatic
27,Mercedes-Benz,C-Class,2020,33.5,Diesel,SUV,1500,109,16.4,3,DOHC,1.5,MPFI,73.2,166,4292,AWD,4,Front,3658,1615,1591,2628,1438,,,Manual
28,Audi,A6,2017,22.9,Electric,Sedan,0,157,0.0,0,DOHC,0.0,Battery,0.0,211,0,FWD,5,Front,4785,1531,1772,2919,1152,54,263,Manual
29,Maruti Suzuki,Swift,2017,65.1,CNG,SUV,3000,266,17.9,4,DOHC,3.0,MPFI,78.0,238,4334,AWD,4,Front,4768,1853,1443,2920,1176,,,Automatic
30,Volkswagen,Taigun,2017,43.4,Diesel,Sedan,2000,159,19.8,6,DOHC,2.0,MPFI,86.1,120,4537,FWD,5,Front,4021,1861,1836,2373,1644,,,Manual
31,Mahindra,Scorpio,2023,56.6,CNG,Sedan,3000,208,20.7,6,DOHC,3.0,MPFI,95.2,198,4421,AWD,5,Front,4588,1860,1820,2373,1666,,,Manual
32,Maruti Suzuki,Swift,2018,33.6,CNG,Sedan,1500,127,20.3,6,DOHC,1.5,MPFI,89.0,152,4439,FWD,5,Front,4853,1606,1514,2979,2159,,,Automatic
33,Honda,City,2023,15.1,Electric,Hatchback,0,79,0.0,0,DOHC,0.0,Battery,0.0,127,0,AWD,4,Front,3998,1672,1497,2617,1615,48,457,Manual
34,Honda,City,2020,39.4,Petrol,Hatchback,2000,147,19.3,6,DOHC,2.0,MPFI,73.9,166,4251,FWD,4,Front,4450,1844,1740,2997,2149,,,Automatic
35,Mahindra,Scorpio,2021,38.0,Petrol,Hatchback,2000,135,15.1,4,DOHC,2.0,MPFI,80.7,164,4005,RWD,4,Front,4725,1859,1552,2622,1611,,,Manual
36,Mercedes-Benz,C-Class,2017,56.2,Diesel,SUV,3000,225,25.0,3,DOHC,3.0,MPFI,82.7,159,5118,RWD,5,Front,4564,1866,1533,2430,1785,,,Automatic
37,Mahindra,Scorpio,2023,22.7,CNG,Hatchback,1000,96,17.1,3,DOHC,1.0,MPFI,79.9,121,4389,FWD,5,Front,4772,1522,1404,2860,2176,,,Manual
38,Volkswagen,Taigun,2024,27.6,CNG,SUV,1200,114,23.0,3,DOHC,1.2,MPFI,88.6,121,5107,AWD,4,Front,3916,1998,1784,2530,1039,,,Automatic
39,Honda,City,2025,30.0,Petrol,Sedan,1200,99,12.8,4,DOHC,1.2,MPFI,78.5,217,6296,AWD,4,Front,3836,1663,1761,2327,1552,,,Manual
40,Toyota,Fortuner,2022,27.5,Diesel,SUV,1200,108,13.5,6,DOHC,1.2,MPFI,98.1,239,6402,FWD,4,Front,3656,1648,1610,2948,2047,,,Automatic
41,BMW,X1,2025,23.6,Electric,Hatchback,0,138,0.0,0,DOHC,0.0,Battery,0.0,151,0,RWD,4,Front,4598,1868,1868,2884,1775,47,473,Manual
42,Toyota,Fortuner,2023,30.0,CNG,SUV,1200,107,21.7,6,DOHC,1.2,MPFI,72.2,235,4586,AWD,4,Front,3579,1763,1604,2531,1056,,,Automatic
43,Toyota,Fortuner,2019,30.8,CNG,Sedan,1500,125,13.3,3,DOHC,1.5,MPFI,98.8,186,6360,AWD,5,Front,4895,1963,1487,2384,1350,,,Manual
44,Mahindra,XUV700,2022,23.8,CNG,SUV,1000,82,24.2,6,DOHC,1.0,MPFI,93.7,159,4190,RWD,5,Front,3836,1992,1566,2765,1426,,,Manual
45,Mercedes-Benz,C-Class,2018,64.0,Petrol,SUV,3000,288,18.5,4,DOHC,3.0,MPFI,89.7,207,6470,FWD,5,Front,3908,1537,1481,2566,1698,,,Automatic
46,Tata,Nexon,2025,26.1,Diesel,Sedan,1000,82,24.6,6,DOHC,1.0,MPFI,82.4,123,4660,FWD,4,Front,4823,1962,1752,2667,1267,,,Manual
47,BMW,X1,2018,25.6,CNG,Sedan,1000,69,24.9,3,DOHC,1.0,MPFI,76.0,238,4091,FWD,5,Front,3772,1829,1783,2920,998,,,Automatic
48,Hyundai,i20,2017,21.4,Diesel,Sedan,1000,91,22.1,6,DOHC,1.0,MPFI,86.3,126,4371,FWD,5,Front,3805,1596,1523,2475,1154,,,Automatic
49,Skoda,Slavia,2019,27.5,CNG,Sedan,1200,73,14.7,4,DOHC,1.2,MPFI,84.9,232,5158,AWD,4,Front,4579,1621,1485,2415,1188,,,Manual
50,Honda,City,2020,23.4,CNG,Sedan,1000,77,24.4,4,DOHC,1.0,MPFI,72.0,159,4422,AWD,5,Front,4647,1888,1405,2375,1653,,,Manual
51,Tata,Nexon,2020,24.4,CNG,SUV,1200,77,18.8,3,DOHC,1.2,MPFI,91.9,227,5006,RWD,5,Front,3920,1657,1631,2390,1786,,,Automatic
52,Toyota,Fortuner,2020,54.2,CNG,SUV,3000,206,20.8,4,DOHC,3.0,MPFI,82.2,164,5632,AWD,5,Front,3695,1733,1689,2659,1344,,,Manual
53,Volkswagen,Taigun,2018,23.8,Petrol,SUV,1000,76,22.3,3,DOHC,1.0,MPFI,76.8,173,6091,AWD,4,Front,4600,1784,1819,2676,1627,,,Automatic
54,Hyundai,i20,2024,39.9,Petrol,Hatchback,2000,146,21.0,3,DOHC,2.0,MPFI,75.1,144,4997,FWD,5,Front,3906,1634,1808,2507,2047,,,Automatic
55,Mercedes-Benz,C-Class,2021,19.1,Petrol,Sedan,1000,70,14.1,3,DOHC,1.0,MPFI,73.3,244,5135,AWD,5,Front,3643,1907,1833,2966,963,,,Manual
56,Mahindra,Scorpio,2021,26.0,CNG,SUV,1200,116,17.8,6,DOHC,1.2,MPFI,96.5,200,5281,RWD,4,Front,4823,1557,1624,2575,856,,,Manual
57,Mercedes-Benz,C-Class,2017,23.8,Petrol,Hatchback,1000,76,19.2,4,DOHC,1.0,MPFI,76.1,135,4080,FWD,5,Front,4252,1536,1645,2852,1530,,,Manual
58,Toyota,Fortuner,2022,30.6,Electric,SUV,0,247,0.0,0,DOHC,0.0,Battery,0.0,127,0,FWD,5,Front,4669,1700,1533,2377,1776,60,239,Automatic
59,Maruti Suzuki,Swift,2022,28.0,Electric,Sedan,0,214,0.0,0,DOHC,0.0,Battery,0.0,121,0,FWD,5,Front,3890,1710,1744,2726,2020,59,254,Automatic
60,Toyota,Fortuner,2019,39.3,Petrol,Hatchback,2000,141,23.6,6,DOHC,2.0,MPFI,74.4,185,5884,RWD,4,Front,4156,1551,1685,2527,1348,,,Automatic
61,Tata,Nexon,2018,23.0,CNG,Sedan,800,61,24.6,6,DOHC,0.8,MPFI,74.6,134,4987,FWD,4,Front,4155,1893,1457,2599,1082,,,Manual
62,Audi,A6,2024,41.6,CNG,Sedan,2000,125,18.5,4,DOHC,2.0,MPFI,95.3,182,4727,AWD,5,Front,4499,1522,1586,2653,1923,,,Manual
63,Maruti Suzuki,Swift,2019,42.5,CNG,Hatchback,2000,147,16.1,6,DOHC,2.0,MPFI,74.0,244,5080,FWD,5,Front,3705,1979,1667,2464,884,,,Automatic
64,BMW,X1,2021,32.2,Petrol,Hatchback,1500,112,15.5,4,DOHC,1.5,MPFI,95.9,188,5502,FWD,4,Front,4468,1737,1504,2847,1408,,,Automatic
65,Volkswagen,Taigun,2017,30.6,CNG,Sedan,1200,111,16.1,4,DOHC,1.2,MPFI,83.2,209,4064,RWD,5,Front,4575,1780,1400,2905,1323,,,Manual
66,Hyundai,Creta,2019,16.9,Electric,Hatchback,0,146,0.0,0,DOHC,0.0,Battery,0.0,150,0,RWD,4,Front,4795,1808,1474,2395,1080,64,419,Automatic
67,Mahindra,Scorpio,2025,38.0,Diesel,Hatchback,2000,148,24.0,6,DOHC,2.0,MPFI,97.8,150,4595,AWD,4,Front,4926,1691,1502,2990,1516,,,Automatic
68,Hyundai,Creta,2024,58.5,Petrol,Sedan,3000,191,23.8,4,DOHC,3.0,MPFI,83.4,191,6461,AWD,5,Front,4892,1946,1504,2442,2119,,,Automatic
69,Hyundai,i20,2026,14.5,Electric,Sedan,0,112,0.0,0,DOHC,0.0,Battery,0.0,167,0,RWD,4,Front,3510,1509,1592,2503,1295,55,225,Manual
70,Skoda,Slavia,2025,39.2,CNG,Hatchback,2000,148,24.0,3,DOHC,2.0,MPFI,83.2,247,4283,AWD,4,Front,4964,1750,1874,2596,1491,,,Manual
71,Maruti Suzuki,Swift,2025,18.3,Electric,Sedan,0,85,0.0,0,DOHC,0.0,Battery,0.0,228,0,AWD,5,Front,4268,1789,1429,2441,1559,46,312,Automatic
72,Tata,Punch,2026,64.2,Petrol,Hatchback,3000,293,23.7,4,DOHC,3.0,MPFI,89.6,214,5526,AWD,4,Front,4112,1844,1577,2556,1825,,,Automatic
73,Audi,A6,2017,23.8,Electric,Sedan,0,202,0.0,0,DOHC,0.0,Battery,0.0,151,0,AWD,4,Front,4131,1862,1720,2626,2085,35,484,Manual
74,Mercedes-Benz,C-Class,2019,15.4,Electric,Hatchback,0,73,0.0,0,DOHC,0.0,Battery,0.0,247,0,FWD,4,Front,4151,1554,1886,2377,1436,51,245,Automatic
75,Volkswagen,Taigun,2020,21.5,Diesel,SUV,800,48,13.2,6,DOHC,0.8,MPFI,96.4,216,4582,RWD,4,Front,4857,1531,1824,2880,2078,,,Manual
76,Tata,Nexon,2026,33.1,Diesel,SUV,1500,112,18.1,6,DOHC,1.5,MPFI,94.9,213,4379,RWD,4,Front,4238,1571,1627,2863,1379,,,Manual
77,Hyundai,i20,2020,20.1,CNG,Hatchback,1000,70,23.5,4,DOHC,1.0,MPFI,75.1,231,5017,RWD,5,Front,4439,1636,1657,2700,1000,,,Manual
78,Hyundai,i20,2023,41.7,Diesel,SUV,2000,177,13.9,3,DOHC,2.0,MPFI,85.8,185,4819,AWD,5,Front,4088,1757,1440,2955,1649,,,Manual
79,Kia,Seltos,2022,63.5,Petrol,Hatchback,3000,269,14.5,3,DOHC,3.0,MPFI,86.4,148,6358,RWD,4,Front,3689,1597,1685,2507,1250,,,Automatic
80,Mercedes-Benz,C-Class,2021,60.6,Petrol,SUV,3000,252,16.5,4,DOHC,3.0,MPFI,75.2,174,5310,RWD,4,Front,4884,1564,1472,2594,1236,,,Manual
81,Mercedes-Benz,C-Class,2021,57.5,Petrol,Sedan,3000,191,19.9,4,DOHC,3.0,MPFI,70.3,183,5260,AWD,5,Front,4522,1760,1655,2902,1881,,,Automatic
82,Volkswagen,Taigun,2019,48.1,CNG,Sedan,2000,197,24.8,6,DOHC,2.0,MPFI,87.7,170,4809,AWD,5,Front,4078,1788,1604,2832,1650,,,Manual
83,Honda,City,2024,32.2,Petrol,Sedan,1500,100,20.0,6,DOHC,1.5,MPFI,81.0,129,6407,AWD,4,Front,4538,1516,1636,2892,2008,,,Manual
84,BMW,X1,2017,22.3,Electric,SUV,0,171,0.0,0,DOHC,0.0,Battery,0.0,235,0,FWD,4,Front,4130,1612,1458,2329,1292,29,368,Automatic
85,Maruti Suzuki,Swift,2023,11.0,Electric,Hatchback,0,80,0.0,0,DOHC,0.0,Battery,0.0,129,0,AWD,5,Front,4906,1971,1840,2569,2064,67,353,Manual
86,Tata,Punch,2019,26.7,Diesel,Hatchback,1500,97,15.4,4,DOHC,1.5,MPFI,82.3,207,6448,AWD,5,Front,3658,1837,1725,2886,1904,,,Automatic
87,Mercedes-Benz,C-Class,2023,22.3,Electric,SUV,0,140,0.0,0,DOHC,0.0,Battery,0.0,142,0,FWD,5,Front,4587,1618,1491,2470,1330,56,318,Automatic
88,Mahindra,Scorpio,2022,39.0,CNG,Hatchback,1500,141,18.1,4,DOHC,1.5,MPFI,82.7,217,5060,RWD,5,Front,3879,1501,1555,2330,823,,,Automatic
89,Kia,Seltos,2024,35.1,CNG,SUV,1500,144,13.9,3,DOHC,1.5,MPFI,98.9,221,6307,RWD,4,Front,3993,1712,1436,2588,1200,,,Manual
90,BMW,X1,2024,29.2,CNG,SUV,1200,84,18.9,6,DOHC,1.2,MPFI,78.7,228,4717,AWD,5,Front,4272,1734,1635,2802,1668,,,Automatic
91,Tata,Nexon,2021,20.1,Petrol,Hatchback,800,71,13.5,4,DOHC,0.8,MPFI,97.1,223,4570,FWD,5,Front,3971,1534,1436,2536,1293,,,Manual
92,Hyundai,Creta,2025,17.8,Electric,SUV,0,101,0.0,0,DOHC,0.0,Battery,0.0,219,0,RWD,4,Front,3651,1687,1496,2619,1518,24,329,Automatic
93,Toyota,Fortuner,2025,19.4,CNG,SUV,1000,60,15.1,3,DOHC,1.0,MPFI,84.9,250,6146,FWD,4,Front,4716,1623,1725,2301,914,,,Manual
94,Mahindra,XUV700,2026,18.6,Electric,Hatchback,0,130,0.0,0,DOHC,0.0,Battery,0.0,227,0,AWD,5,Front,3558,1736,1524,2414,1726,59,309,Automatic
95,Mahindra,XUV700,2021,19.5,Electric,Sedan,0,121,0.0,0,DOHC,0.0,Battery,0.0,160,0,RWD,4,Front,4815,1728,1733,2741,949,65,353,Manual
96,Toyota,Fortuner,2026,21.6,Electric,Sedan,0,188,0.0,0,DOHC,0.0,Battery,0.0,183,0,RWD,4,Front,3919,1620,1436,2705,1258,46,387,Manual
97,Honda,City,2023,21.3,Diesel,Hatchback,1000,80,14.0,3,DOHC,1.0,MPFI,98.4,245,6227,AWD,5,Front,4556,1951,1458,2467,1517,,,Automatic
98,Hyundai,i20,2020,21.8,Electric,Sedan,0,159,0.0,0,DOHC,0.0,Battery,0.0,155,0,FWD,4,Front,4873,1694,1512,2439,1474,60,443,Automatic
99,Hyundai,Creta,2017,10.7,Electric,Sedan,0,71,0.0,0,DOHC,0.0,Battery,0.0,169,0,AWD,5,Front,3816,1762,1546,2847,1771,47,369,Automatic
100,Honda,City,2021,27.2,Electric,Hatchback,0,242,0.0,0,DOHC,0.0,Battery,0.0,128,0,FWD,5,Front,4750,1883,1522,2379,991,52,334,Automatic
101,MG,Hector,2025,22.4,Electric,SUV,0,142,0.0,0,DOHC,0.0,Battery,0.0,221,0,AWD,5,Front,4849,1588,1804,2684,1112,57,220,Manual
102,Mahindra,XUV700,2025,22.2,Electric,Sedan,0,126,0.0,0,DOHC,0.0,Battery,0.0,247,0,FWD,4,Front,4251,1862,1573,2779,853,31,265,Automatic
103,Mahindra,XUV700,2026,27.7,Petrol,SUV,1200,110,14.3,3,DOHC,1.2,MPFI,86.0,219,5449,AWD,5,Front,4679,1729,1797,2483,924,,,Manual
104,Kia,Seltos,2026,19.4,Electric,Sedan,0,134,0.0,0,DOHC,0.0,Battery,0.0,157,0,RWD,4,Front,4710,1749,1775,2448,977,74,404,Manual
105,Volkswagen,Taigun,2018,27.2,CNG,Hatchback,1000,79,21.9,3,DOHC,1.0,MPFI,87.6,123,4939,RWD,4,Front,3516,1824,1667,2726,1292,,,Automatic
106,Mahindra,Scorpio,2021,32.2,CNG,Hatchback,1500,107,14.0,6,DOHC,1.5,MPFI,70.7,209,5131,RWD,4,Front,3809,1758,1417,2685,1473,,,Automatic
107,Kia,Seltos,2025,21.3,Diesel,Hatchback,800,58,16.0,4,DOHC,0.8,MPFI,82.7,143,4497,RWD,5,Front,3675,1993,1675,2930,946,,,Automatic
108,Maruti Suzuki,Swift,2018,26.5,CNG,Sedan,1200,75,21.0,4,DOHC,1.2,MPFI,79.2,134,4055,FWD,4,Front,4899,1931,1740,2427,992,,,Manual
109,Kia,Seltos,2019,58.7,Diesel,SUV,3000,228,12.9,3,DOHC,3.0,MPFI,98.8,161,5137,FWD,4,Front,3518,1709,1479,2806,1570,,,Manual
110,Kia,Seltos,2019,22.7,Electric,Hatchback,0,168,0.0,0,DOHC,0.0,Battery,0.0,182,0,FWD,5,Front,3595,1700,1670,2304,880,29,388,Manual
111,Mercedes-Benz,C-Class,2020,15.8,Electric,Sedan,0,118,0.0,0,DOHC,0.0,Battery,0.0,182,0,RWD,5,Front,4561,1563,1522,2842,1021,34,231,Manual
112,MG,Hector,2023,21.1,Electric,Hatchback,0,139,0.0,0,DOHC,0.0,Battery,0.0,175,0,RWD,4,Front,3649,1633,1520,2516,1379,72,328,Automatic
113,Skoda,Slavia,2021,32.9,Diesel,SUV,1500,113,12.5,4,DOHC,1.5,MPFI,92.9,158,5071,RWD,4,Front,4690,1704,1654,2956,1146,,,Manual
114,Kia,Seltos,2020,21.4,Electric,Sedan,0,162,0.0,0,DOHC,0.0,Battery,0.0,187,0,RWD,4,Front,4229,1503,1667,2605,1658,59,377,Automatic
115,Hyundai,Creta,2023,22.8,Diesel,Sedan,1000,70,24.7,4,DOHC,1.0,MPFI,77.7,183,6209,RWD,4,Front,4713,1842,1830,2561,1101,,,Manual
116,Maruti Suzuki,Swift,2026,26.8,CNG,Sedan,1000,97,13.6,4,DOHC,1.0,MPFI,78.6,123,4581,FWD,4,Front,4425,1793,1453,2963,951,,,Automatic
117,MG,Hector,2026,17.4,Electric,Hatchback,0,99,0.0,0,DOHC,0.0,Battery,0.0,237,0,FWD,5,Front,4784,1745,1434,2886,985,62,288,Automatic
118,Maruti Suzuki,Swift,2021,28.6,CNG,Hatchback,1500,113,15.2,6,DOHC,1.5,MPFI,90.1,245,4271,AWD,5,Front,3924,1592,1444,2523,1598,,,Automatic
119,Kia,Seltos,2017,23.1,Petrol,Sedan,800,62,24.8,6,DOHC,0.8,MPFI,73.7,146,5903,FWD,4,Front,4806,1898,1778,2783,1694,,,Manual
120,BMW,X1,2023,65.6,Diesel,Hatchback,3000,273,19.3,4,DOHC,3.0,MPFI,95.8,146,6412,RWD,4,Front,4451,1871,1815,2375,1406,,,Manual
121,Audi,A6,2021,31.3,CNG,Hatchback,1500,104,14.6,4,DOHC,1.5,MPFI,98.5,133,5071,RWD,5,Front,4896,1771,1532,2905,1223,,,Manual
122,Volkswagen,Taigun,2024,31.5,Petrol,Hatchback,1500,141,22.7,4,DOHC,1.5,MPFI,72.1,121,5560,RWD,5,Front,4546,1878,1893,2335,1917,,,Manual
123,Toyota,Fortuner,2025,37.2,CNG,SUV,1500,146,19.0,6,DOHC,1.5,MPFI,95.5,148,5031,AWD,5,Front,4306,1960,1563,2363,1198,,,Manual
124,Mahindra,Scorpio,2026,11.5,Electric,Hatchback,0,90,0.0,0,DOHC,0.0,Battery,0.0,128,0,FWD,4,Front,4898,1592,1594,2503,2163,74,495,Manual
125,Mahindra,XUV700,2022,28.9,Diesel,SUV,1200,105,22.3,4,DOHC,1.2,MPFI,78.3,151,5447,FWD,4,Front,4487,1793,1650,2968,931,,,Automatic
126,Audi,A6,2018,15.7,Petrol,Sedan,800,48,17.7,6,DOHC,0.8,MPFI,99.6,163,5875,RWD,5,Front,3672,1786,1891,2813,1524,,,Manual
127,Tata,Punch,2017,19.5,Petrol,Sedan,1000,66,16.3,6,DOHC,1.0,MPFI,84.3,158,5398,RWD,5,Front,4864,1561,1582,2509,1007,,,Manual
128,Audi,A6,2023,17.0,CNG,Sedan,800,55,13.3,6,DOHC,0.8,MPFI,90.6,225,5203,AWD,4,Front,4141,1802,1896,2613,1237,,,Manual
129,MG,Hector,2019,30.4,Electric,SUV,0,212,0.0,0,DOHC,0.0,Battery,0.0,213,0,FWD,4,Front,3954,1943,1684,2776,1324,59,391,Manual
130,Mahindra,Scorpio,2018,30.1,Diesel,Sedan,1200,112,15.5,3,DOHC,1.2,MPFI,94.1,204,5706,RWD,4,Front,3697,1611,1553,2305,1293,,,Automatic
131,Honda,City,2025,24.4,Diesel,SUV,1000,80,15.3,6,DOHC,1.0,MPFI,87.2,184,4036,FWD,4,Front,3588,1921,1881,2319,1578,,,Manual
132,Mahindra,Scorpio,2019,30.8,Petrol,Sedan,1500,124,18.1,3,DOHC,1.5,MPFI,83.4,169,5397,AWD,5,Front,4517,1777,1886,2545,1032,,,Automatic
133,Maruti Suzuki,Alto,2024,25.0,Electric,SUV,0,152,0.0,0,DOHC,0.0,Battery,0.0,186,0,FWD,5,Front,4790,1625,1730,2639,1589,24,400,Automatic
134,Audi,A6,2025,31.9,CNG,SUV,1500,93,15.5,3,DOHC,1.5,MPFI,93.1,170,4116,AWD,5,Front,4501,1875,1585,2601,1443,,,Automatic
135,Audi,A6,2025,28.7,Electric,SUV,0,241,0.0,0,DOHC,0.0,Battery,0.0,132,0,RWD,4,Front,4388,1906,1547,2324,966,69,290,Manual
136,Hyundai,i20,2019,15.2,Electric,Hatchback,0,122,0.0,0,DOHC,0.0,Battery,0.0,244,0,AWD,4,Front,3958,1750,1723,2768,1205,53,391,Manual
137,Volkswagen,Taigun,2023,38.0,Diesel,Sedan,2000,122,20.3,3,DOHC,2.0,MPFI,94.0,206,6455,RWD,5,Front,4419,1767,1753,2904,887,,,Automatic
138,Mercedes-Benz,C-Class,2022,19.3,CNG,Hatchback,800,64,20.9,4,DOHC,0.8,MPFI,83.8,230,5847,RWD,5,Front,3556,1883,1588,2638,1640,,,Manual
139,Hyundai,i20,2021,53.9,Petrol,SUV,3000,211,20.2,6,DOHC,3.0,MPFI,77.7,237,5793,AWD,5,Front,4181,1884,1729,2494,1471,,,Automatic
140,Toyota,Fortuner,2021,31.7,Diesel,Sedan,1500,107,22.5,3,DOHC,1.5,MPFI,88.8,158,5713,AWD,4,Front,4652,1708,1430,2726,1535,,,Manual
141,Kia,Seltos,2020,30.0,Diesel,SUV,1500,118,16.6,6,DOHC,1.5,MPFI,90.3,213,4194,AWD,4,Front,4548,1759,1835,2703,2105,,,Manual
142,Kia,Seltos,2020,15.4,Electric,SUV,0,115,0.0,0,DOHC,0.0,Battery,0.0,244,0,AWD,4,Front,4347,1783,1488,2816,1359,46,441,Manual
143,BMW,X1,2018,28.8,Diesel,Sedan,1500,111,16.7,4,DOHC,1.5,MPFI,77.7,181,4073,AWD,5,Front,4415,1801,1687,2519,2082,,,Manual
144,Honda,City,2018,31.8,Electric,Hatchback,0,237,0.0,0,DOHC,0.0,Battery,0.0,154,0,FWD,4,Front,4346,1766,1451,2528,1750,53,323,Manual
145,Mahindra,XUV700,2018,26.1,Diesel,Sedan,1000,64,17.1,6,DOHC,1.0,MPFI,98.2,225,5778,AWD,4,Front,4920,1803,1842,2427,1423,,,Automatic
146,MG,Hector,2023,23.0,Diesel,SUV,1000,99,16.7,3,DOHC,1.0,MPFI,99.9,145,6230,AWD,5,Front,4037,1937,1606,2835,1015,,,Automatic
147,Volkswagen,Taigun,2026,24.4,Electric,Sedan,0,145,0.0,0,DOHC,0.0,Battery,0.0,219,0,AWD,4,Front,4147,1804,1647,2334,1951,40,283,Manual
148,Volkswagen,Taigun,2025,13.3,Electric,SUV,0,70,0.0,0,DOHC,0.0,Battery,0.0,226,0,AWD,4,Front,3861,1592,1661,2910,1718,69,220,Manual
149,Kia,Seltos,2018,31.6,Petrol,Sedan,1200,113,20.3,3,DOHC,1.2,MPFI,96.2,242,6024,AWD,4,Front,3677,1893,1646,2870,1541,,,Manual
150,Hyundai,Creta,2021,13.5,Electric,Sedan,0,75,0.0,0,DOHC,0.0,Battery,0.0,129,0,FWD,5,Front,4038,1652,1657,2474,2127,37,263,Manual
151,Tata,Nexon,2021,52.0,Diesel,Hatchback,3000,183,14.5,4,DOHC,3.0,MPFI,75.5,179,4772,AWD,5,Front,3559,1979,1661,2566,846,,,Manual
152,Mercedes-Benz,C-Class,2026,22.4,CNG,Hatchback,800,71,13.5,6,DOHC,0.8,MPFI,89.6,243,4681,RWD,4,Front,3637,1834,1418,2531,1205,,,Manual
153,Honda,City,2023,18.3,Electric,SUV,0,100,0.0,0,DOHC,0.0,Battery,0.0,156,0,RWD,5,Front,4926,1680,1418,2496,1337,60,225,Automatic
154,Tata,Punch,2020,37.7,Diesel,Sedan,2000,133,17.5,3,DOHC,2.0,MPFI,83.5,182,6075,FWD,4,Front,3584,1890,1445,2605,1311,,,Automatic
155,MG,Hector,2018,23.1,Petrol,Sedan,800,54,22.9,6,DOHC,0.8,MPFI,93.6,126,5486,AWD,4,Front,4894,1854,1483,2621,1717,,,Manual
156,Mahindra,Scorpio,2018,21.7,Electric,Hatchback,0,176,0.0,0,DOHC,0.0,Battery,0.0,181,0,RWD,4,Front,4992,1882,1873,2791,1886,78,388,Automatic
157,Volkswagen,Taigun,2017,24.8,Electric,SUV,0,203,0.0,0,DOHC,0.0,Battery,0.0,189,0,FWD,4,Front,4537,1709,1789,2353,1498,24,221,Manual
158,Maruti Suzuki,Alto,2024,21.1,Petrol,SUV,800,56,18.9,6,DOHC,0.8,MPFI,76.8,232,4061,RWD,4,Front,4250,1626,1761,2432,1120,,,Automatic
159,Maruti Suzuki,Alto,2020,21.5,Diesel,Sedan,800,69,13.5,4,DOHC,0.8,MPFI,90.5,167,4452,FWD,5,Front,3609,1564,1814,2527,2194,,,Manual
160,Mahindra,Scorpio,2019,56.3,Petrol,Sedan,3000,190,24.2,4,DOHC,3.0,MPFI,74.1,241,4320,FWD,5,Front,4979,1971,1446,2646,2103,,,Manual
161,Audi,A6,2025,30.9,CNG,Hatchback,1500,135,19.8,6,DOHC,1.5,MPFI,98.1,150,4438,RWD,4,Front,3934,1999,1700,2317,1390,,,Manual
162,Mahindra,Scorpio,2025,44.0,Petrol,SUV,2000,151,14.1,3,DOHC,2.0,MPFI,87.3,146,4185,FWD,4,Front,3515,1547,1430,2519,1580,,,Manual
163,Mercedes-Benz,C-Class,2020,59.4,Petrol,Hatchback,3000,272,16.4,6,DOHC,3.0,MPFI,98.7,155,4351,FWD,5,Front,3589,1853,1624,2800,1603,,,Automatic
164,Tata,Nexon,2018,37.5,Petrol,SUV,1500,144,18.9,4,DOHC,1.5,MPFI,87.5,198,4099,FWD,5,Front,4735,1639,1828,2646,1160,,,Automatic
165,Mahindra,XUV700,2023,38.3,Diesel,SUV,1500,137,18.7,6,DOHC,1.5,MPFI,85.4,120,5343,FWD,5,Front,3689,1725,1703,2549,1442,,,Manual
166,Tata,Nexon,2026,24.8,Diesel,Hatchback,1200,76,16.7,4,DOHC,1.2,MPFI,71.4,195,5210,RWD,5,Front,4185,1617,1686,2694,1468,,,Manual
167,Hyundai,i20,2020,33.1,CNG,Sedan,1500,113,17.7,6,DOHC,1.5,MPFI,90.6,127,5827,AWD,4,Front,3752,1994,1402,2316,1397,,,Automatic
168,BMW,X1,2024,19.2,Electric,SUV,0,93,0.0,0,DOHC,0.0,Battery,0.0,153,0,FWD,5,Front,3715,1842,1431,2643,1231,67,357,Manual
169,Maruti Suzuki,Swift,2021,28.0,Diesel,SUV,1500,106,18.5,3,DOHC,1.5,MPFI,90.9,240,4179,FWD,4,Front,4548,1746,1578,2833,959,,,Automatic
170,Mahindra,Scorpio,2017,29.3,Diesel,SUV,1200,119,13.4,4,DOHC,1.2,MPFI,85.8,248,5231,FWD,5,Front,4986,1764,1542,2759,2019,,,Manual
171,Hyundai,i20,2020,29.0,Petrol,Hatchback,1200,103,16.6,3,DOHC,1.2,MPFI,77.3,126,5202,AWD,5,Front,4041,1815,1891,2837,1517,,,Manual
172,Skoda,Slavia,2020,30.2,Diesel,Hatchback,1500,95,21.7,6,DOHC,1.5,MPFI,70.9,235,4778,FWD,4,Front,3616,1817,1823,2859,2018,,,Manual
173,Hyundai,Creta,2021,29.2,CNG,Hatchback,1200,109,15.2,4,DOHC,1.2,MPFI,97.5,132,5841,AWD,5,Front,4920,1537,1840,2447,1561,,,Automatic
174,Audi,A6,2021,59.3,Diesel,SUV,3000,207,20.3,4,DOHC,3.0,MPFI,90.9,220,5996,AWD,4,Front,4751,1835,1899,2953,1830,,,Automatic
175,Hyundai,i20,2024,26.3,Diesel,Hatchback,1200,102,22.9,3,DOHC,1.2,MPFI,89.3,214,5597,FWD,4,Front,3589,1516,1760,2502,855,,,Automatic
176,Tata,Nexon,2024,21.0,CNG,SUV,1000,64,15.3,6,DOHC,1.0,MPFI,84.8,139,4521,RWD,4,Front,4588,1924,1717,2831,1426,,,Manual
177,MG,Hector,2025,28.7,Electric,Sedan,0,211,0.0,0,DOHC,0.0,Battery,0.0,219,0,FWD,4,Front,3644,1937,1519,2303,1036,66,404,Automatic
178,Audi,A6,2021,15.2,Electric,Hatchback,0,88,0.0,0,DOHC,0.0,Battery,0.0,126,0,FWD,4,Front,4596,1781,1832,2784,857,41,421,Automatic
179,BMW,X1,2024,31.3,CNG,Sedan,1200,102,22.4,6,DOHC,1.2,MPFI,83.7,137,4487,RWD,4,Front,4778,1808,1664,2819,1662,,,Manual
180,Toyota,Fortuner,2026,16.9,Electric,SUV,0,99,0.0,0,DOHC,0.0,Battery,0.0,132,0,AWD,4,Front,4231,1649,1682,2567,1931,61,354,Manual
181,Mahindra,Scorpio,2019,52.4,CNG,SUV,3000,188,14.1,6,DOHC,3.0,MPFI,87.5,206,6141,FWD,4,Front,4748,1865,1660,2322,1615,,,Automatic
182,Honda,City,2024,40.5,Diesel,Hatchback,2000,175,15.9,3,DOHC,2.0,MPFI,76.3,174,4602,RWD,4,Front,3825,1727,1790,2654,1572,,,Manual
183,Audi,A6,2024,36.5,Diesel,Sedan,1500,146,23.7,4,DOHC,1.5,MPFI,96.0,223,4061,RWD,4,Front,4450,1627,1819,2583,1633,,,Automatic
184,Skoda,Slavia,2023,47.8,CNG,SUV,2000,184,21.2,6,DOHC,2.0,MPFI,83.8,127,5236,FWD,5,Front,4823,1938,1495,2539,1386,,,Manual
185,Audi,A6,2025,17.6,Petrol,Hatchback,800,48,15.8,4,DOHC,0.8,MPFI,73.4,248,6379,AWD,5,Front,3619,1929,1586,2829,1447,,,Manual
186,Hyundai,Creta,2026,20.7,Electric,Hatchback,0,178,0.0,0,DOHC,0.0,Battery,0.0,221,0,FWD,4,Front,4706,1978,1737,2970,1166,36,226,Automatic
187,Tata,Nexon,2017,31.4,Diesel,SUV,1500,129,17.3,3,DOHC,1.5,MPFI,88.5,243,4217,FWD,5,Front,3961,1999,1532,2578,2153,,,Automatic
188,Kia,Seltos,2020,29.3,Petrol,SUV,1500,96,20.2,4,DOHC,1.5,MPFI,86.1,234,4463,AWD,5,Front,4237,1501,1452,2367,1913,,,Manual
189,Maruti Suzuki,Swift,2023,23.7,Petrol,Hatchback,800,71,14.5,3,DOHC,0.8,MPFI,80.4,233,5779,RWD,4,Front,4446,1952,1443,2989,2123,,,Manual
190,BMW,X1,2019,19.8,Electric,Hatchback,0,146,0.0,0,DOHC,0.0,Battery,0.0,246,0,FWD,5,Front,4778,1649,1748,2385,1336,21,232,Manual
191,Tata,Punch,2019,23.9,CNG,SUV,1200,91,22.1,4,DOHC,1.2,MPFI,83.2,155,6277,FWD,4,Front,3609,1827,1874,2758,1157,,,Automatic
192,Mercedes-Benz,C-Class,2025,60.8,Petrol,Hatchback,3000,265,22.4,4,DOHC,3.0,MPFI,77.6,241,5262,FWD,4,Front,4074,1942,1404,2613,1475,,,Manual
193,Maruti Suzuki,Alto,2017,14.9,Electric,Sedan,0,100,0.0,0,DOHC,0.0,Battery,0.0,244,0,FWD,5,Front,4932,1714,1845,2422,1609,74,383,Automatic
194,Maruti Suzuki,Alto,2021,27.6,CNG,Hatchback,1200,83,12.9,3,DOHC,1.2,MPFI,81.6,229,4046,AWD,5,Front,3884,1818,1616,2802,1544,,,Manual
195,Maruti Suzuki,Alto,2026,47.9,Diesel,Hatchback,2000,184,19.2,3,DOHC,2.0,MPFI,90.8,219,4461,FWD,5,Front,3839,1523,1470,2434,1635,,,Automatic
196,Kia,Seltos,2020,18.2,Electric,SUV,0,132,0.0,0,DOHC,0.0,Battery,0.0,213,0,AWD,5,Front,4801,1717,1768,2856,1905,24,299,Manual
197,Honda,City,2023,21.1,CNG,SUV,1000,76,20.0,3,DOHC,1.0,MPFI,90.8,148,5220,AWD,4,Front,3969,1958,1879,2810,974,,,Manual
198,MG,Hector,2018,60.1,Diesel,SUV,3000,209,20.8,3,DOHC,3.0,MPFI,89.9,216,4731,AWD,5,Front,4824,1631,1617,2829,1957,,,Automatic
199,Mahindra,XUV700,2021,39.5,Diesel,Hatchback,2000,158,15.3,3,DOHC,2.0,MPFI,99.6,209,4128,AWD,5,Front,3819,1531,1591,2819,2121,,,Manual
200,Kia,Seltos,2021,17.0,Electric,SUV,0,91,0.0,0,DOHC,0.0,Battery,0.0,234,0,RWD,5,Front,3714,1819,1814,2651,1604,41,281,Manual
201,BMW,X1,2026,23.3,Petrol,Hatchback,800,73,16.1,6,DOHC,0.8,MPFI,99.1,244,4420,AWD,5,Front,4725,1903,1715,2550,1501,,,Manual
202,Maruti Suzuki,Alto,2024,32.3,Petrol,SUV,1500,138,19.1,4,DOHC,1.5,MPFI,92.4,159,5729,RWD,5,Front,3711,1698,1770,2578,2172,,,Manual
203,Maruti Suzuki,Alto,2026,19.7,Electric,SUV,0,168,0.0,0,DOHC,0.0,Battery,0.0,186,0,FWD,4,Front,4054,1850,1619,2884,2092,27,466,Automatic
204,Tata,Nexon,2017,40.2,CNG,Hatchback,2000,161,12.8,4,DOHC,2.0,MPFI,83.7,125,4214,AWD,4,Front,4330,1863,1808,2907,1415,,,Automatic
205,Kia,Seltos,2019,40.9,CNG,Sedan,2000,185,14.5,4,DOHC,2.0,MPFI,91.3,243,5241,AWD,5,Front,3927,1700,1415,2966,1439,,,Automatic
206,Kia,Seltos,2020,37.5,Diesel,Hatchback,2000,123,21.5,3,DOHC,2.0,MPFI,93.2,196,6381,FWD,4,Front,3667,1566,1615,2331,901,,,Manual
207,Audi,A6,2024,55.0,CNG,Sedan,3000,218,19.6,4,DOHC,3.0,MPFI,77.1,123,4837,AWD,5,Front,4900,1665,1555,2786,1635,,,Manual
208,Honda,City,2024,44.7,CNG,Sedan,2000,188,18.4,6,DOHC,2.0,MPFI,80.7,143,4289,RWD,5,Front,4749,1752,1818,2656,988,,,Automatic
209,Tata,Nexon,2023,40.9,CNG,SUV,2000,181,16.3,6,DOHC,2.0,MPFI,79.7,124,5743,AWD,4,Front,4000,1716,1548,2834,1219,,,Manual
210,Tata,Punch,2020,20.3,Diesel,SUV,1000,83,22.7,6,DOHC,1.0,MPFI,94.7,242,5433,RWD,5,Front,3992,1901,1870,2895,1761,,,Automatic
211,Audi,A6,2019,24.8,Diesel,Sedan,1000,73,12.6,4,DOHC,1.0,MPFI,77.4,189,4006,RWD,5,Front,4052,1561,1741,2859,1594,,,Manual
212,Honda,City,2021,44.1,CNG,Sedan,2000,164,12.1,4,DOHC,2.0,MPFI,90.8,128,4610,RWD,5,Front,4762,1826,1566,2903,1266,,,Manual
213,Toyota,Fortuner,2018,30.9,CNG,Sedan,1500,92,15.0,3,DOHC,1.5,MPFI,82.2,155,4010,RWD,5,Front,4809,1676,1777,2727,2101,,,Manual
214,Honda,City,2017,22.0,Diesel,SUV,800,77,17.1,6,DOHC,0.8,MPFI,78.7,156,4647,AWD,5,Front,4779,1781,1652,2567,1600,,,Automatic
215,Hyundai,i20,2025,22.9,Petrol,SUV,1200,73,24.1,3,DOHC,1.2,MPFI,76.5,198,4188,AWD,4,Front,4077,1533,1603,2833,1326,,,Manual
216,Maruti Suzuki,Swift,2021,54.8,Diesel,Hatchback,3000,206,19.2,4,DOHC,3.0,MPFI,75.2,144,5362,AWD,5,Front,4130,1630,1594,2552,1254,,,Manual
217,Tata,Punch,2019,56.9,CNG,SUV,3000,186,16.1,6,DOHC,3.0,MPFI,74.4,179,6072,AWD,5,Front,4590,1965,1688,2702,1076,,,Automatic
218,Honda,City,2018,22.2,Diesel,Hatchback,1200,78,21.1,4,DOHC,1.2,MPFI,96.5,181,5368,AWD,5,Front,4938,1823,1408,2660,1994,,,Manual
219,Audi,A6,2020,28.7,Diesel,Hatchback,1200,77,19.2,6,DOHC,1.2,MPFI,81.0,211,6367,AWD,4,Front,3925,1664,1657,2819,1111,,,Manual
220,Audi,A6,2018,22.9,Electric,SUV,0,170,0.0,0,DOHC,0.0,Battery,0.0,173,0,FWD,4,Front,4038,1748,1499,2385,1118,38,266,Manual
221,Volkswagen,Taigun,2017,23.7,Electric,Hatchback,0,150,0.0,0,DOHC,0.0,Battery,0.0,145,0,FWD,4,Front,4608,1988,1525,2391,1898,77,234,Manual
222,BMW,X1,2020,27.1,Petrol,Sedan,1000,84,12.8,4,DOHC,1.0,MPFI,76.4,210,5567,AWD,4,Front,4954,1723,1753,2375,1335,,,Manual
223,Mahindra,XUV700,2022,26.1,Diesel,SUV,1000,96,19.4,6,DOHC,1.0,MPFI,75.5,213,5246,FWD,5,Front,3807,1928,1410,2608,1659,,,Automatic
224,Skoda,Slavia,2018,37.4,Diesel,Sedan,2000,149,23.2,4,DOHC,2.0,MPFI,71.8,189,4194,RWD,5,Front,4573,1790,1438,2508,1460,,,Manual
225,Maruti Suzuki,Alto,2018,20.3,Petrol,Hatchback,800,54,18.5,6,DOHC,0.8,MPFI,71.4,245,5213,AWD,5,Front,4257,1904,1439,2956,1704,,,Manual
226,Mahindra,Scorpio,2020,27.1,Diesel,SUV,1000,83,22.1,6,DOHC,1.0,MPFI,84.6,203,6233,AWD,5,Front,4236,1592,1772,2976,2090,,,Manual
227,Audi,A6,2026,20.7,CNG,Sedan,800,52,15.2,3,DOHC,0.8,MPFI,73.9,221,4903,RWD,4,Front,4234,1713,1521,2328,1609,,,Automatic
228,Mercedes-Benz,C-Class,2019,22.3,Electric,Hatchback,0,124,0.0,0,DOHC,0.0,Battery,0.0,151,0,FWD,5,Front,3926,1853,1879,2842,1906,57,230,Automatic
229,Kia,Seltos,2017,23.5,CNG,SUV,1000,91,17.0,6,DOHC,1.0,MPFI,83.7,221,4802,RWD,4,Front,4425,1811,1607,2660,981,,,Automatic
230,MG,Hector,2026,28.4,Diesel,SUV,1500,108,23.9,4,DOHC,1.5,MPFI,73.5,189,5650,FWD,4,Front,3970,1796,1646,2466,1663,,,Automatic
231,Hyundai,Creta,2023,23.0,Electric,Hatchback,0,178,0.0,0,DOHC,0.0,Battery,0.0,224,0,RWD,5,Front,3792,1687,1492,2713,1876,21,440,Manual
232,Tata,Punch,2019,28.9,Electric,Sedan,0,198,0.0,0,DOHC,0.0,Battery,0.0,231,0,AWD,4,Front,3753,1635,1809,2610,815,64,452,Automatic
233,Toyota,Fortuner,2022,17.9,Electric,Hatchback,0,109,0.0,0,DOHC,0.0,Battery,0.0,240,0,RWD,4,Front,3507,1650,1679,2854,1764,40,221,Automatic
234,Kia,Seltos,2025,32.6,Diesel,Hatchback,1200,106,12.2,3,DOHC,1.2,MPFI,84.5,195,4666,FWD,4,Front,3943,1697,1839,2867,1455,,,Manual
235,Maruti Suzuki,Swift,2021,17.4,Electric,SUV,0,113,0.0,0,DOHC,0.0,Battery,0.0,183,0,RWD,5,Front,4486,1708,1646,2952,1619,44,208,Manual
236,BMW,X1,2019,30.5,Electric,Sedan,0,213,0.0,0,DOHC,0.0,Battery,0.0,131,0,FWD,5,Front,4135,1641,1513,2843,1821,52,421,Manual
237,Audi,A6,2021,62.7,Diesel,Sedan,3000,273,15.8,3,DOHC,3.0,MPFI,85.7,173,5494,FWD,5,Front,4168,1724,1658,2463,1294,,,Manual
238,Skoda,Slavia,2025,19.8,Electric,Hatchback,0,125,0.0,0,DOHC,0.0,Battery,0.0,222,0,RWD,4,Front,4193,1728,1426,2461,1982,31,454,Automatic
239,Mahindra,Scorpio,2018,40.1,CNG,Sedan,2000,128,18.8,3,DOHC,2.0,MPFI,86.5,185,4347,AWD,4,Front,3725,1901,1889,2378,1893,,,Manual
240,Hyundai,i20,2023,26.0,Petrol,Hatchback,1000,68,24.4,4,DOHC,1.0,MPFI,82.2,249,5261,RWD,5,Front,4422,1568,1814,2825,926,,,Automatic
241,BMW,X1,2017,24.1,Electric,Sedan,0,144,0.0,0,DOHC,0.0,Battery,0.0,225,0,RWD,4,Front,3605,1941,1456,2513,834,20,203,Automatic
242,Honda,City,2025,38.4,Petrol,Sedan,2000,120,12.1,3,DOHC,2.0,MPFI,99.5,215,4008,RWD,4,Front,4192,1965,1748,2694,1204,,,Manual
243,Honda,City,2017,33.1,Electric,SUV,0,245,0.0,0,DOHC,0.0,Battery,0.0,236,0,AWD,4,Front,4453,1762,1611,2631,1556,52,336,Manual
244,Mahindra,Scorpio,2026,30.6,Diesel,Hatchback,1500,125,17.9,3,DOHC,1.5,MPFI,70.6,189,6459,AWD,4,Front,4717,1592,1417,2308,1264,,,Automatic
245,Volkswagen,Taigun,2019,57.6,Diesel,Hatchback,3000,180,23.5,4,DOHC,3.0,MPFI,87.4,195,4486,FWD,4,Front,4287,1604,1524,2409,1945,,,Automatic
246,MG,Hector,2022,40.2,CNG,Sedan,2000,160,23.7,6,DOHC,2.0,MPFI,70.7,174,5919,FWD,5,Front,3634,1933,1771,2664,1302,,,Manual
247,Audi,A6,2018,17.3,CNG,Sedan,800,63,13.1,4,DOHC,0.8,MPFI,91.5,147,4312,AWD,4,Front,3809,1577,1684,2420,1779,,,Manual
248,Honda,City,2020,19.2,Petrol,SUV,800,60,19.4,4,DOHC,0.8,MPFI,83.5,167,4805,AWD,4,Front,3871,1970,1619,2927,1185,,,Automatic
249,Hyundai,Creta,2023,20.8,Petrol,Hatchback,800,56,15.7,6,DOHC,0.8,MPFI,74.9,164,5231,RWD,5,Front,3506,1674,1830,2522,817,,,Automatic
250,Hyundai,i20,2020,27.1,CNG,Sedan,1000,81,13.5,6,DOHC,1.0,MPFI,73.9,134,5169,FWD,5,Front,4719,1510,1733,2384,1311,,,Manual
251,Skoda,Slavia,2020,36.8,Diesel,Hatchback,2000,145,17.6,6,DOHC,2.0,MPFI,98.3,240,6085,AWD,5,Front,4801,1922,1700,2669,1515,,,Automatic
252,Tata,Nexon,2026,28.5,Petrol,Sedan,1200,92,23.4,3,DOHC,1.2,MPFI,74.2,140,4489,RWD,5,Front,4155,1588,1709,2311,1800,,,Automatic
253,Volkswagen,Taigun,2023,41.9,CNG,Hatchback,2000,135,23.5,4,DOHC,2.0,MPFI,94.0,193,5005,AWD,5,Front,4438,1568,1439,2645,925,,,Automatic
254,Maruti Suzuki,Swift,2022,57.8,Diesel,Sedan,3000,227,15.8,4,DOHC,3.0,MPFI,85.4,250,4950,FWD,4,Front,3998,1860,1513,2453,1643,,,Automatic
255,Mercedes-Benz,C-Class,2019,36.5,CNG,Hatchback,1500,145,23.4,6,DOHC,1.5,MPFI,97.6,137,5234,FWD,5,Front,4592,1509,1726,2689,1958,,,Manual
256,Toyota,Fortuner,2023,18.0,Petrol,Hatchback,800,67,17.3,3,DOHC,0.8,MPFI,87.6,127,4429,FWD,5,Front,4055,1954,1633,2391,1675,,,Manual
257,Mahindra,Scorpio,2020,53.1,CNG,SUV,3000,192,22.9,4,DOHC,3.0,MPFI,85.3,230,6479,FWD,5,Front,3872,1718,1736,2497,2118,,,Automatic
258,Tata,Punch,2020,59.9,Diesel,Hatchback,3000,268,23.2,3,DOHC,3.0,MPFI,73.1,232,5162,AWD,4,Front,4600,1954,1734,2699,1797,,,Manual
259,Kia,Seltos,2019,18.5,CNG,Hatchback,800,75,18.6,4,DOHC,0.8,MPFI,80.2,183,6278,RWD,5,Front,4632,1500,1712,2614,2126,,,Manual
260,Tata,Punch,2018,60.5,Diesel,Hatchback,3000,208,15.8,4,DOHC,3.0,MPFI,90.9,243,4831,AWD,4,Front,3815,1860,1820,2492,1959,,,Manual
261,Honda,City,2020,24.5,Petrol,Sedan,1000,92,24.3,6,DOHC,1.0,MPFI,82.6,240,4027,AWD,5,Front,4560,1579,1465,2401,1524,,,Manual
262,MG,Hector,2022,42.6,Diesel,Hatchback,2000,152,20.5,3,DOHC,2.0,MPFI,78.7,244,5270,RWD,4,Front,4585,1989,1438,2631,1799,,,Manual
263,Honda,City,2024,18.4,Electric,Sedan,0,109,0.0,0,DOHC,0.0,Battery,0.0,129,0,AWD,4,Front,4452,1706,1558,2789,1997,66,392,Manual
264,Skoda,Slavia,2023,20.1,Electric,Sedan,0,104,0.0,0,DOHC,0.0,Battery,0.0,124,0,FWD,4,Front,4183,1940,1875,2625,2076,21,456,Manual
265,Toyota,Fortuner,2026,57.0,Diesel,SUV,3000,205,21.8,6,DOHC,3.0,MPFI,72.2,235,5833,FWD,4,Front,4167,1734,1671,2844,1490,,,Automatic
266,Honda,City,2018,30.5,Diesel,SUV,1500,109,13.4,4,DOHC,1.5,MPFI,97.2,130,4099,RWD,4,Front,3910,1811,1575,2894,945,,,Automatic
267,Skoda,Slavia,2022,20.9,Electric,Sedan,0,168,0.0,0,DOHC,0.0,Battery,0.0,136,0,FWD,4,Front,4367,1744,1429,2756,1889,59,248,Manual
268,Mahindra,Scorpio,2022,45.2,Petrol,Hatchback,2000,189,18.3,4,DOHC,2.0,MPFI,71.3,226,5934,RWD,4,Front,3751,1557,1756,2327,1565,,,Automatic
269,Tata,Nexon,2021,25.9,Diesel,Sedan,1000,67,24.5,3,DOHC,1.0,MPFI,80.2,234,5667,FWD,4,Front,3730,1603,1884,2543,1391,,,Automatic
270,Skoda,Slavia,2022,57.5,Diesel,Hatchback,3000,234,18.1,3,DOHC,3.0,MPFI,86.5,136,5247,AWD,4,Front,4467,1981,1611,2799,1247,,,Manual
271,Audi,A6,2017,29.0,Electric,SUV,0,233,0.0,0,DOHC,0.0,Battery,0.0,236,0,RWD,5,Front,4357,1928,1853,2656,1351,68,217,Automatic
272,Volkswagen,Taigun,2019,22.9,Electric,SUV,0,183,0.0,0,DOHC,0.0,Battery,0.0,164,0,RWD,4,Front,4398,1632,1749,2847,1573,75,289,Automatic
273,Hyundai,Creta,2024,56.0,Petrol,Hatchback,3000,210,21.7,4,DOHC,3.0,MPFI,75.0,134,4759,RWD,4,Front,4730,1894,1591,2574,1207,,,Manual
274,Kia,Seltos,2023,20.7,Petrol,SUV,800,54,20.0,3,DOHC,0.8,MPFI,75.7,191,5686,RWD,4,Front,4936,1651,1759,2785,900,,,Automatic
275,BMW,X1,2026,23.6,Petrol,Sedan,800,70,22.9,4,DOHC,0.8,MPFI,95.2,122,6026,RWD,5,Front,4813,1746,1817,2964,1692,,,Automatic
276,Mercedes-Benz,C-Class,2026,22.4,Petrol,SUV,800,73,14.6,4,DOHC,0.8,MPFI,91.8,138,4477,RWD,5,Front,3653,1502,1656,2300,1493,,,Automatic
277,Toyota,Fortuner,2017,25.9,Petrol,SUV,1000,75,22.8,3,DOHC,1.0,MPFI,92.0,146,5182,AWD,5,Front,4705,1937,1497,2955,1330,,,Automatic
278,Toyota,Fortuner,2017,29.1,Electric,Hatchback,0,205,0.0,0,DOHC,0.0,Battery,0.0,221,0,AWD,4,Front,3791,1518,1704,2409,1910,26,461,Automatic
279,Kia,Seltos,2017,31.3,Diesel,Sedan,1200,118,17.0,6,DOHC,1.2,MPFI,70.0,152,5566,AWD,5,Front,4638,1915,1487,2876,1194,,,Manual
280,Tata,Punch,2023,23.4,Diesel,Hatchback,1000,91,16.1,6,DOHC,1.0,MPFI,72.0,189,4643,RWD,4,Front,4133,1770,1511,2642,1196,,,Automatic
281,Tata,Nexon,2021,41.3,CNG,SUV,2000,175,24.5,4,DOHC,2.0,MPFI,72.7,212,4060,FWD,5,Front,4853,1665,1738,2941,1724,,,Automatic
282,Mercedes-Benz,C-Class,2019,60.0,Petrol,Hatchback,3000,206,20.1,4,DOHC,3.0,MPFI,88.7,212,4859,FWD,4,Front,3925,1692,1523,2874,1292,,,Automatic
283,Toyota,Fortuner,2023,18.4,CNG,Hatchback,800,76,15.1,3,DOHC,0.8,MPFI,75.1,230,4777,FWD,4,Front,3839,1746,1601,2885,1199,,,Automatic
284,Audi,A6,2021,22.1,Electric,Sedan,0,167,0.0,0,DOHC,0.0,Battery,0.0,136,0,FWD,5,Front,4742,1922,1560,2610,1409,26,335,Manual
285,Mahindra,Scorpio,2024,59.2,Petrol,Hatchback,3000,248,19.8,6,DOHC,3.0,MPFI,89.7,172,4551,RWD,5,Front,4657,1522,1530,2691,985,,,Automatic
286,Honda,City,2020,24.8,CNG,Sedan,1200,89,12.5,3,DOHC,1.2,MPFI,84.9,176,4835,RWD,4,Front,4341,1796,1570,2959,1502,,,Automatic
287,Hyundai,i20,2021,31.2,Petrol,Sedan,1200,95,18.3,3,DOHC,1.2,MPFI,75.3,187,5581,AWD,4,Front,3947,1886,1795,2626,1919,,,Manual
288,Audi,A6,2025,19.1,Electric,Hatchback,0,170,0.0,0,DOHC,0.0,Battery,0.0,202,0,RWD,4,Front,3822,1558,1651,2857,1044,29,297,Automatic
289,BMW,X1,2023,12.8,Electric,SUV,0,87,0.0,0,DOHC,0.0,Battery,0.0,203,0,RWD,4,Front,4347,1585,1873,2553,1925,21,437,Automatic
290,Mercedes-Benz,C-Class,2026,48.4,Petrol,Sedan,2000,190,22.5,3,DOHC,2.0,MPFI,94.9,173,5903,RWD,4,Front,4824,1732,1720,2993,1618,,,Manual
291,Mahindra,XUV700,2026,24.0,Petrol,Hatchback,800,78,19.4,3,DOHC,0.8,MPFI,79.2,240,4405,FWD,5,Front,4976,1969,1593,2422,1876,,,Automatic
292,Honda,City,2024,23.8,Petrol,Sedan,800,68,19.6,6,DOHC,0.8,MPFI,71.7,232,4079,RWD,5,Front,4168,1750,1561,2674,1101,,,Manual
293,Tata,Nexon,2023,30.4,Electric,Hatchback,0,207,0.0,0,DOHC,0.0,Battery,0.0,198,0,FWD,4,Front,3894,1784,1875,2533,1926,79,499,Automatic
294,Honda,City,2024,44.1,CNG,Hatchback,2000,153,18.0,3,DOHC,2.0,MPFI,85.0,144,5335,AWD,5,Front,3817,1555,1880,2519,818,,,Automatic
295,Kia,Seltos,2019,38.5,CNG,SUV,2000,128,17.4,3,DOHC,2.0,MPFI,81.8,170,4539,RWD,5,Front,3677,1685,1541,2561,842,,,Automatic
296,Toyota,Fortuner,2022,24.4,Electric,Sedan,0,186,0.0,0,DOHC,0.0,Battery,0.0,182,0,AWD,5,Front,4625,1782,1532,2328,1275,44,340,Manual
297,Audi,A6,2017,33.1,Diesel,Hatchback,1500,107,15.3,6,DOHC,1.5,MPFI,99.2,227,4768,RWD,4,Front,4898,1565,1788,2955,1231,,,Automatic
298,Tata,Nexon,2018,63.6,Petrol,Hatchback,3000,249,20.9,3,DOHC,3.0,MPFI,96.4,211,6359,FWD,4,Front,3710,1942,1525,2990,1237,,,Manual
299,Mahindra,Scorpio,2024,25.5,Petrol,Sedan,1000,74,17.2,6,DOHC,1.0,MPFI,90.9,137,5904,FWD,5,Front,4053,1967,1803,2418,1870,,,Manual
300,Hyundai,i20,2020,16.4,Electric,SUV,0,96,0.0,0,DOHC,0.0,Battery,0.0,241,0,AWD,5,Front,3787,1611,1833,2872,1231,28,214,Automatic
301,Tata,Nexon,2022,42.6,Diesel,SUV,2000,175,16.0,3,DOHC,2.0,MPFI,89.8,233,4911,RWD,4,Front,4423,1588,1779,2583,1276,,,Automatic
302,Honda,City,2017,20.2,CNG,Hatchback,800,64,13.2,6,DOHC,0.8,MPFI,70.2,185,6034,FWD,4,Front,4020,1750,1556,2379,2179,,,Manual
303,Skoda,Slavia,2017,19.9,Diesel,Hatchback,800,49,23.2,3,DOHC,0.8,MPFI,72.2,246,5716,AWD,5,Front,4647,1632,1438,2713,1450,,,Automatic
304,Tata,Punch,2021,33.6,Petrol,SUV,1500,103,20.3,3,DOHC,1.5,MPFI,70.5,158,4714,AWD,4,Front,3854,1797,1571,2542,932,,,Automatic
305,Skoda,Slavia,2017,18.7,Electric,SUV,0,137,0.0,0,DOHC,0.0,Battery,0.0,176,0,RWD,5,Front,4660,1688,1611,2409,1532,34,305,Automatic
306,Tata,Punch,2022,30.1,CNG,Sedan,1500,121,23.8,4,DOHC,1.5,MPFI,84.6,152,5708,AWD,5,Front,4854,1762,1717,2364,1697,,,Automatic
307,BMW,X1,2019,23.3,Diesel,SUV,1000,87,15.5,6,DOHC,1.0,MPFI,97.6,205,4141,AWD,4,Front,4020,1645,1885,2391,1059,,,Automatic
308,Mahindra,Scorpio,2024,37.9,Petrol,Hatchback,1500,138,13.9,3,DOHC,1.5,MPFI,72.8,237,5379,FWD,4,Front,3719,1980,1660,2730,2083,,,Automatic
309,Mahindra,Scorpio,2024,28.5,Diesel,Sedan,1200,77,23.4,4,DOHC,1.2,MPFI,83.0,219,5534,RWD,5,Front,4263,1562,1646,2939,1888,,,Automatic
310,Mahindra,XUV700,2019,16.0,Electric,SUV,0,110,0.0,0,DOHC,0.0,Battery,0.0,182,0,AWD,5,Front,3871,1912,1825,2519,981,50,227,Manual
311,Mahindra,XUV700,2024,18.1,Electric,Sedan,0,102,0.0,0,DOHC,0.0,Battery,0.0,153,0,RWD,5,Front,3615,1877,1873,2874,1437,22,377,Manual
312,Toyota,Fortuner,2022,25.3,CNG,Hatchback,1000,64,14.3,3,DOHC,1.0,MPFI,74.3,213,6500,AWD,4,Front,3666,1625,1617,2456,997,,,Automatic
313,Tata,Punch,2019,16.7,Electric,SUV,0,92,0.0,0,DOHC,0.0,Battery,0.0,249,0,RWD,4,Front,3742,1938,1866,2506,1608,36,252,Manual
314,Mahindra,XUV700,2024,18.2,Electric,SUV,0,90,0.0,0,DOHC,0.0,Battery,0.0,168,0,RWD,5,Front,3895,1662,1824,2399,970,49,342,Automatic
315,Mahindra,XUV700,2022,36.5,CNG,SUV,1500,131,21.2,6,DOHC,1.5,MPFI,86.1,227,5620,AWD,5,Front,4934,1683,1837,2398,2188,,,Manual
316,Mahindra,XUV700,2023,41.3,Petrol,Hatchback,2000,127,22.0,6,DOHC,2.0,MPFI,90.7,166,4755,RWD,5,Front,4409,1701,1866,2660,1669,,,Automatic
317,Audi,A6,2018,17.9,Diesel,Sedan,800,68,16.4,4,DOHC,0.8,MPFI,93.2,177,5134,RWD,4,Front,3504,1829,1714,2577,963,,,Manual
318,BMW,X1,2022,31.7,CNG,SUV,1500,145,17.8,4,DOHC,1.5,MPFI,87.2,213,6000,FWD,5,Front,4295,1934,1430,2768,1402,,,Manual
319,BMW,X1,2023,26.0,Electric,Sedan,0,232,0.0,0,DOHC,0.0,Battery,0.0,218,0,RWD,5,Front,4395,1863,1779,2933,1134,34,304,Automatic
320,Hyundai,i20,2018,38.0,Diesel,Sedan,1500,138,12.9,4,DOHC,1.5,MPFI,93.3,198,4814,AWD,4,Front,4506,1528,1720,2974,1395,,,Automatic
321,Mahindra,XUV700,2021,58.5,Petrol,Hatchback,3000,256,16.4,6,DOHC,3.0,MPFI,83.0,163,4820,AWD,4,Front,4018,1913,1554,2615,1307,,,Manual
322,Mercedes-Benz,C-Class,2022,24.0,Petrol,Hatchback,1000,84,12.8,4,DOHC,1.0,MPFI,87.9,215,5112,RWD,4,Front,3594,1811,1403,2868,1643,,,Manual
323,MG,Hector,2020,29.1,Diesel,Hatchback,1500,114,15.4,6,DOHC,1.5,MPFI,77.0,167,5968,FWD,5,Front,4493,1997,1494,2960,1152,,,Automatic
324,Hyundai,i20,2026,60.0,Petrol,Hatchback,3000,275,16.1,3,DOHC,3.0,MPFI,77.6,239,6230,FWD,4,Front,4483,1652,1839,2488,1948,,,Manual
325,BMW,X1,2021,59.3,CNG,Sedan,3000,264,19.9,4,DOHC,3.0,MPFI,87.1,219,5387,RWD,5,Front,4149,1531,1628,2414,1928,,,Manual
326,Hyundai,i20,2020,15.0,Electric,SUV,0,90,0.0,0,DOHC,0.0,Battery,0.0,171,0,RWD,4,Front,3685,1927,1677,2526,904,35,469,Manual
327,Mercedes-Benz,C-Class,2018,27.6,Electric,SUV,0,191,0.0,0,DOHC,0.0,Battery,0.0,177,0,AWD,4,Front,3519,1916,1750,2718,1629,33,260,Automatic
328,Mercedes-Benz,C-Class,2018,57.4,Petrol,SUV,3000,238,20.1,4,DOHC,3.0,MPFI,79.3,161,6385,FWD,4,Front,3871,1922,1583,2335,1469,,,Automatic
329,Mahindra,XUV700,2017,43.8,Petrol,SUV,2000,156,16.3,4,DOHC,2.0,MPFI,94.2,203,5034,AWD,5,Front,4278,1726,1660,2743,2086,,,Automatic
330,Tata,Nexon,2025,26.7,Electric,Hatchback,0,228,0.0,0,DOHC,0.0,Battery,0.0,158,0,FWD,4,Front,4358,1676,1624,2729,1861,35,254,Automatic
331,Mahindra,XUV700,2022,26.9,Electric,Hatchback,0,223,0.0,0,DOHC,0.0,Battery,0.0,144,0,FWD,4,Front,4967,1663,1750,2995,1261,34,464,Automatic
332,Mahindra,XUV700,2023,25.0,Diesel,SUV,1000,83,13.9,3,DOHC,1.0,MPFI,85.5,123,6088,RWD,5,Front,3545,1723,1742,2412,1582,,,Manual
333,MG,Hector,2024,16.3,Electric,SUV,0,128,0.0,0,DOHC,0.0,Battery,0.0,249,0,RWD,4,Front,4011,1899,1584,2495,2109,68,409,Automatic
334,Maruti Suzuki,Alto,2021,17.9,Diesel,SUV,800,49,24.5,3,DOHC,0.8,MPFI,99.6,233,5080,FWD,5,Front,4604,1748,1897,2866,1419,,,Manual
335,Mahindra,Scorpio,2018,27.6,CNG,Hatchback,1200,96,21.2,3,DOHC,1.2,MPFI,92.1,144,4387,AWD,5,Front,3663,1600,1860,2589,1806,,,Automatic
336,Kia,Seltos,2017,47.3,Petrol,SUV,2000,196,14.7,4,DOHC,2.0,MPFI,97.4,178,6175,RWD,5,Front,4295,1895,1644,2990,1749,,,Manual
337,Kia,Seltos,2017,25.8,CNG,Sedan,1200,73,17.1,3,DOHC,1.2,MPFI,88.8,131,6187,RWD,5,Front,3947,1790,1467,2884,1929,,,Manual
338,Skoda,Slavia,2020,32.8,CNG,Hatchback,1200,115,16.3,4,DOHC,1.2,MPFI,91.1,221,4706,FWD,5,Front,3645,1923,1633,2331,1496,,,Manual
339,Tata,Punch,2022,23.8,CNG,Sedan,1000,65,19.7,6,DOHC,1.0,MPFI,89.4,146,5639,AWD,4,Front,4246,1651,1746,2318,2037,,,Manual
340,Kia,Seltos,2025,25.8,Electric,SUV,0,183,0.0,0,DOHC,0.0,Battery,0.0,141,0,FWD,4,Front,4353,1958,1631,2772,1406,38,252,Automatic
341,Hyundai,i20,2022,24.8,Electric,SUV,0,217,0.0,0,DOHC,0.0,Battery,0.0,198,0,FWD,5,Front,3876,1504,1523,2536,2186,28,314,Automatic
342,Hyundai,i20,2020,27.4,Petrol,Sedan,1200,72,17.5,6,DOHC,1.2,MPFI,99.6,130,4955,FWD,5,Front,4137,1968,1403,2601,2167,,,Manual
343,Toyota,Fortuner,2024,26.6,Diesel,Hatchback,1200,110,22.0,3,DOHC,1.2,MPFI,84.8,156,5066,RWD,4,Front,4499,1883,1615,2773,1495,,,Automatic
344,Audi,A6,2024,48.2,Petrol,SUV,2000,191,21.8,3,DOHC,2.0,MPFI,99.4,249,4916,RWD,4,Front,4338,1703,1623,2901,2022,,,Automatic
345,Mercedes-Benz,C-Class,2023,25.9,CNG,Hatchback,1200,115,17.3,3,DOHC,1.2,MPFI,81.9,162,4071,RWD,4,Front,4417,1554,1783,2536,1570,,,Manual
346,Hyundai,Creta,2020,59.7,CNG,SUV,3000,219,13.4,6,DOHC,3.0,MPFI,94.6,142,4648,AWD,5,Front,3691,1568,1529,2681,2048,,,Manual
347,Tata,Punch,2019,33.5,Petrol,Sedan,1500,140,19.0,6,DOHC,1.5,MPFI,72.6,238,6096,FWD,4,Front,4253,1854,1726,2592,1675,,,Manual
348,Maruti Suzuki,Swift,2023,22.0,CNG,Sedan,800,66,22.6,6,DOHC,0.8,MPFI,72.3,224,4459,FWD,4,Front,3656,1724,1534,2503,1722,,,Manual
349,Volkswagen,Taigun,2025,37.1,CNG,SUV,1500,143,14.2,4,DOHC,1.5,MPFI,87.8,140,5579,AWD,4,Front,4499,1734,1704,2552,2141,,,Manual
350,Audi,A6,2017,52.5,Diesel,SUV,3000,199,18.0,3,DOHC,3.0,MPFI,83.5,144,4749,FWD,5,Front,4098,1559,1694,2904,1046,,,Automatic
351,Hyundai,i20,2024,17.1,Electric,Sedan,0,76,0.0,0,DOHC,0.0,Battery,0.0,126,0,RWD,5,Front,3784,1889,1733,2450,1363,73,490,Manual
352,Maruti Suzuki,Alto,2019,45.3,Diesel,Hatchback,2000,164,13.7,6,DOHC,2.0,MPFI,84.4,136,4700,RWD,4,Front,4450,1588,1526,2657,1210,,,Manual
353,Volkswagen,Taigun,2019,25.2,CNG,Hatchback,1000,83,12.4,6,DOHC,1.0,MPFI,84.3,172,6206,FWD,4,Front,4029,1929,1561,2440,1360,,,Automatic
354,Honda,City,2019,32.2,Diesel,SUV,1500,106,17.6,4,DOHC,1.5,MPFI,90.6,203,4482,FWD,4,Front,3650,1762,1430,2973,1345,,,Manual
355,Maruti Suzuki,Alto,2024,29.0,Diesel,Hatchback,1200,103,18.7,3,DOHC,1.2,MPFI,81.9,125,4754,AWD,4,Front,4930,1645,1851,2743,830,,,Manual
356,Honda,City,2021,14.2,Electric,SUV,0,71,0.0,0,DOHC,0.0,Battery,0.0,189,0,FWD,4,Front,3852,1839,1528,2999,866,55,470,Manual
357,BMW,X1,2018,26.6,Electric,Sedan,0,207,0.0,0,DOHC,0.0,Battery,0.0,129,0,AWD,5,Front,4319,1593,1697,2687,1533,49,348,Automatic
358,Tata,Nexon,2023,22.7,Electric,SUV,0,131,0.0,0,DOHC,0.0,Battery,0.0,229,0,RWD,4,Front,4758,1986,1525,2744,2149,32,428,Automatic
359,MG,Hector,2019,29.2,CNG,SUV,1200,87,17.0,6,DOHC,1.2,MPFI,81.7,130,5561,RWD,4,Front,4459,1778,1497,2953,1709,,,Automatic
360,Audi,A6,2023,28.4,Petrol,SUV,1200,114,13.5,4,DOHC,1.2,MPFI,73.9,229,5154,RWD,5,Front,4554,1848,1892,2586,1284,,,Manual
361,Tata,Punch,2024,21.2,Diesel,SUV,800,75,14.7,4,DOHC,0.8,MPFI,72.7,222,5889,AWD,5,Front,4789,1731,1500,2619,1006,,,Manual
362,Tata,Punch,2021,18.4,Electric,Sedan,0,116,0.0,0,DOHC,0.0,Battery,0.0,154,0,AWD,4,Front,3866,1969,1595,2582,2191,27,253,Manual
363,Mercedes-Benz,C-Class,2017,21.8,Diesel,SUV,800,64,17.2,6,DOHC,0.8,MPFI,71.5,238,5535,AWD,5,Front,4532,1736,1561,2976,1312,,,Automatic
364,Maruti Suzuki,Alto,2017,19.9,Electric,SUV,0,171,0.0,0,DOHC,0.0,Battery,0.0,145,0,RWD,4,Front,4625,1635,1615,2901,1659,60,366,Automatic
365,Toyota,Fortuner,2025,21.9,Diesel,Hatchback,1000,91,13.2,3,DOHC,1.0,MPFI,71.8,147,5795,AWD,5,Front,3525,1698,1878,2732,1593,,,Manual
366,Tata,Punch,2018,16.3,Electric,SUV,0,133,0.0,0,DOHC,0.0,Battery,0.0,212,0,AWD,5,Front,4198,1829,1647,2678,1505,69,253,Manual
367,Honda,City,2024,26.0,CNG,SUV,1200,96,23.6,4,DOHC,1.2,MPFI,93.2,241,6213,FWD,5,Front,3970,1701,1886,2478,2111,,,Automatic
368,Honda,City,2021,39.4,Petrol,SUV,2000,173,22.8,6,DOHC,2.0,MPFI,84.8,206,5691,RWD,5,Front,4928,1852,1650,2660,1637,,,Manual
369,Skoda,Slavia,2024,23.6,Diesel,SUV,800,73,12.5,3,DOHC,0.8,MPFI,96.3,183,4616,AWD,5,Front,3577,1604,1756,2374,2058,,,Manual
370,MG,Hector,2019,30.6,Electric,SUV,0,207,0.0,0,DOHC,0.0,Battery,0.0,187,0,AWD,5,Front,4654,1514,1697,2670,926,54,328,Manual
371,Tata,Nexon,2018,21.8,Petrol,Hatchback,800,64,23.6,4,DOHC,0.8,MPFI,96.1,139,4331,FWD,4,Front,3619,1717,1412,2642,1831,,,Automatic
372,BMW,X1,2023,17.1,CNG,SUV,800,48,16.0,3,DOHC,0.8,MPFI,72.3,232,5700,AWD,5,Front,3987,1598,1748,2651,1546,,,Automatic
373,Mahindra,Scorpio,2020,59.1,CNG,Hatchback,3000,219,16.1,6,DOHC,3.0,MPFI,80.9,162,4292,FWD,5,Front,3733,1987,1742,2644,1046,,,Manual
374,Mercedes-Benz,C-Class,2019,60.6,Diesel,SUV,3000,268,22.7,3,DOHC,3.0,MPFI,87.7,194,4968,RWD,5,Front,4308,1740,1406,2508,1946,,,Manual
375,Skoda,Slavia,2026,27.5,CNG,Hatchback,1200,102,15.4,6,DOHC,1.2,MPFI,90.6,131,6337,FWD,5,Front,4637,1778,1778,2955,1922,,,Automatic
376,Toyota,Fortuner,2020,22.7,Electric,Sedan,0,138,0.0,0,DOHC,0.0,Battery,0.0,210,0,AWD,5,Front,4281,1948,1623,2982,861,42,451,Automatic
377,Hyundai,Creta,2023,27.7,Electric,SUV,0,225,0.0,0,DOHC,0.0,Battery,0.0,133,0,RWD,4,Front,3561,1727,1520,2453,1288,44,283,Manual
378,Maruti Suzuki,Alto,2020,34.7,CNG,Sedan,1500,148,17.1,4,DOHC,1.5,MPFI,73.5,182,4432,FWD,5,Front,4155,1541,1686,2784,1353,,,Automatic
379,Toyota,Fortuner,2022,27.9,Diesel,Hatchback,1000,97,13.3,3,DOHC,1.0,MPFI,95.2,141,6304,FWD,4,Front,3974,1570,1546,2704,1315,,,Manual
380,MG,Hector,2018,34.6,CNG,Hatchback,2000,122,15.2,4,DOHC,2.0,MPFI,88.1,247,5643,RWD,4,Front,4754,1906,1727,2809,944,,,Manual
381,Kia,Seltos,2023,25.3,Diesel,Hatchback,1200,109,24.8,4,DOHC,1.2,MPFI,86.1,145,5070,RWD,5,Front,4395,1545,1411,2314,1056,,,Manual
382,Audi,A6,2024,62.1,CNG,SUV,3000,288,23.1,3,DOHC,3.0,MPFI,99.1,226,5389,RWD,5,Front,3552,1732,1494,2342,1723,,,Manual
383,Mahindra,Scorpio,2024,27.3,CNG,Hatchback,1500,92,17.6,3,DOHC,1.5,MPFI,97.2,231,6158,FWD,4,Front,4388,1956,1630,2829,2117,,,Manual
384,Volkswagen,Taigun,2025,28.5,CNG,Hatchback,1200,73,24.3,3,DOHC,1.2,MPFI,85.3,222,6061,AWD,5,Front,3885,1974,1829,2711,867,,,Manual
385,Hyundai,Creta,2024,28.2,Electric,Hatchback,0,220,0.0,0,DOHC,0.0,Battery,0.0,154,0,AWD,4,Front,4567,1940,1619,2685,2195,33,420,Automatic
386,Tata,Punch,2018,19.0,Diesel,Sedan,1000,63,15.4,3,DOHC,1.0,MPFI,96.8,120,5451,FWD,5,Front,3762,1769,1886,2694,1748,,,Automatic
387,Maruti Suzuki,Alto,2023,33.8,Diesel,SUV,1500,126,24.1,3,DOHC,1.5,MPFI,87.6,228,5188,RWD,5,Front,3714,1549,1749,2511,2111,,,Manual
388,Mahindra,Scorpio,2018,65.7,Petrol,Hatchback,3000,299,14.2,3,DOHC,3.0,MPFI,88.7,245,5503,RWD,4,Front,4997,1557,1831,2649,1029,,,Automatic
389,Maruti Suzuki,Alto,2024,28.3,Petrol,Hatchback,1200,100,16.3,3,DOHC,1.2,MPFI,76.5,184,5759,AWD,5,Front,3655,1693,1570,2313,986,,,Manual
390,Toyota,Fortuner,2026,22.2,Petrol,Hatchback,800,51,19.3,6,DOHC,0.8,MPFI,94.9,230,4890,AWD,4,Front,4257,1893,1720,2702,2065,,,Automatic
391,Mahindra,XUV700,2022,33.2,Electric,Sedan,0,234,0.0,0,DOHC,0.0,Battery,0.0,132,0,RWD,4,Front,4212,1804,1810,2804,1817,60,442,Manual
392,Volkswagen,Taigun,2019,29.1,Electric,Sedan,0,232,0.0,0,DOHC,0.0,Battery,0.0,229,0,AWD,4,Front,4922,1719,1553,2366,2095,77,335,Automatic
393,Tata,Punch,2020,30.3,CNG,Sedan,1500,122,12.8,3,DOHC,1.5,MPFI,80.9,222,4185,AWD,4,Front,4975,1753,1682,2793,832,,,Manual
394,Toyota,Fortuner,2026,64.1,CNG,SUV,3000,270,14.3,6,DOHC,3.0,MPFI,84.6,244,5826,RWD,4,Front,3827,1985,1473,2577,844,,,Automatic
395,Mahindra,Scorpio,2026,23.9,CNG,SUV,1000,60,16.4,3,DOHC,1.0,MPFI,88.8,147,5957,FWD,5,Front,4521,1695,1479,2932,1495,,,Automatic
396,Tata,Nexon,2020,44.3,Diesel,Hatchback,2000,150,15.8,3,DOHC,2.0,MPFI,80.6,226,4833,FWD,4,Front,3561,1847,1888,2457,1747,,,Automatic
397,Mahindra,XUV700,2026,42.1,CNG,SUV,2000,144,23.1,3,DOHC,2.0,MPFI,75.7,133,5216,AWD,4,Front,4011,1547,1443,2977,2007,,,Manual
398,Maruti Suzuki,Alto,2024,23.2,Electric,Sedan,0,171,0.0,0,DOHC,0.0,Battery,0.0,211,0,AWD,4,Front,4435,1723,1686,2342,1269,43,237,Manual
399,BMW,X1,2020,38.3,Diesel,Sedan,1500,140,12.9,3,DOHC,1.5,MPFI,87.6,237,4367,FWD,5,Front,3713,1508,1424,2492,1707,,,Manual
400,Volkswagen,Taigun,2025,28.5,CNG,Hatchback,1200,97,15.9,4,DOHC,1.2,MPFI,84.7,131,5259,RWD,5,Front,3798,1682,1439,2767,1675,,,Automatic
401,Tata,Punch,2019,61.5,Petrol,Sedan,3000,288,14.8,4,DOHC,3.0,MPFI,84.8,193,5538,AWD,5,Front,4221,1956,1430,2912,1055,,,Automatic
402,Mercedes-Benz,C-Class,2025,57.8,Diesel,Hatchback,3000,242,20.7,4,DOHC,3.0,MPFI,91.6,224,4014,RWD,5,Front,3943,1747,1693,2372,1343,,,Automatic
403,Tata,Punch,2022,22.6,CNG,Sedan,800,61,12.8,3,DOHC,0.8,MPFI,83.0,151,6289,AWD,4,Front,4967,1689,1436,2849,1889,,,Manual
404,Skoda,Slavia,2017,16.4,Diesel,Hatchback,800,55,19.8,4,DOHC,0.8,MPFI,80.1,232,5938,AWD,4,Front,4879,1688,1580,2436,1617,,,Manual
405,Mercedes-Benz,C-Class,2023,30.6,CNG,Hatchback,1200,117,18.3,4,DOHC,1.2,MPFI,78.0,121,4351,FWD,5,Front,4008,1974,1447,2544,1252,,,Automatic
406,Maruti Suzuki,Swift,2021,21.4,Electric,Hatchback,0,154,0.0,0,DOHC,0.0,Battery,0.0,249,0,AWD,4,Front,4214,1708,1564,2479,862,20,308,Manual
407,Toyota,Fortuner,2017,35.8,Diesel,SUV,1500,138,20.8,3,DOHC,1.5,MPFI,78.2,240,6058,AWD,4,Front,4179,1613,1673,2721,1762,,,Manual
408,Mahindra,XUV700,2024,18.4,CNG,Hatchback,800,63,18.8,4,DOHC,0.8,MPFI,85.6,124,4821,RWD,4,Front,3991,1779,1410,2945,1537,,,Automatic
409,Honda,City,2025,28.6,Diesel,SUV,1200,103,23.7,3,DOHC,1.2,MPFI,74.8,191,5364,AWD,5,Front,4677,1862,1705,2916,1996,,,Manual
410,Mahindra,Scorpio,2022,18.1,Petrol,Sedan,800,69,22.6,4,DOHC,0.8,MPFI,72.1,237,5285,FWD,4,Front,4902,1893,1467,2638,1627,,,Automatic
411,MG,Hector,2025,30.3,CNG,Sedan,1500,96,19.5,4,DOHC,1.5,MPFI,94.8,233,6424,AWD,5,Front,4918,1700,1636,2319,1468,,,Manual
412,Mercedes-Benz,C-Class,2023,26.5,Petrol,Sedan,1200,88,13.6,4,DOHC,1.2,MPFI,75.9,144,4427,RWD,4,Front,4023,1847,1708,2587,2069,,,Automatic
413,Mahindra,Scorpio,2017,20.6,CNG,SUV,800,48,18.3,4,DOHC,0.8,MPFI,83.3,223,6470,RWD,5,Front,3771,1740,1795,2994,842,,,Automatic
414,Mahindra,Scorpio,2020,68.9,CNG,SUV,3000,291,22.5,3,DOHC,3.0,MPFI,88.9,212,5298,AWD,4,Front,4791,1584,1400,2578,1474,,,Automatic
415,Hyundai,Creta,2025,24.1,CNG,Sedan,800,64,16.4,4,DOHC,0.8,MPFI,80.9,221,6256,AWD,5,Front,4952,1877,1438,2723,1400,,,Manual
416,Honda,City,2020,24.2,CNG,Hatchback,1200,84,20.4,3,DOHC,1.2,MPFI,98.8,220,5129,RWD,5,Front,3685,1700,1551,2390,1923,,,Automatic
417,BMW,X1,2024,26.8,Diesel,Hatchback,1200,87,13.9,3,DOHC,1.2,MPFI,70.3,236,5011,FWD,4,Front,4783,1537,1785,2309,1127,,,Automatic
418,Hyundai,i20,2019,21.6,CNG,Sedan,800,75,19.0,3,DOHC,0.8,MPFI,84.4,165,4289,FWD,4,Front,4747,1541,1627,2399,1179,,,Manual
419,Mahindra,Scorpio,2018,17.1,Electric,SUV,0,105,0.0,0,DOHC,0.0,Battery,0.0,217,0,RWD,4,Front,4587,1522,1565,2570,2067,32,243,Manual
420,Mahindra,XUV700,2024,39.2,CNG,Hatchback,2000,167,20.6,6,DOHC,2.0,MPFI,76.1,233,5855,AWD,5,Front,4452,1876,1494,2728,1002,,,Manual
421,Kia,Seltos,2022,45.7,Diesel,Hatchback,2000,169,24.0,4,DOHC,2.0,MPFI,92.7,129,4879,FWD,5,Front,4265,1651,1689,2467,1937,,,Automatic
422,Tata,Nexon,2025,27.7,Petrol,Sedan,1000,77,12.1,4,DOHC,1.0,MPFI,74.6,139,4220,AWD,5,Front,3824,1750,1716,2385,894,,,Automatic
423,Audi,A6,2025,61.7,Petrol,SUV,3000,295,22.6,4,DOHC,3.0,MPFI,93.4,249,4530,AWD,4,Front,4471,1524,1675,2986,1558,,,Automatic
424,Hyundai,i20,2017,31.2,Electric,Sedan,0,244,0.0,0,DOHC,0.0,Battery,0.0,150,0,AWD,4,Front,4711,1582,1562,2878,2125,41,412,Automatic
425,Maruti Suzuki,Swift,2026,24.3,Petrol,Hatchback,800,75,13.4,3,DOHC,0.8,MPFI,74.5,182,4793,FWD,4,Front,4222,1898,1658,2873,1694,,,Automatic
426,Mahindra,Scorpio,2026,21.4,Petrol,SUV,800,63,21.9,3,DOHC,0.8,MPFI,88.0,128,4361,AWD,4,Front,4684,1702,1862,2579,945,,,Automatic
427,MG,Hector,2023,64.5,Petrol,Hatchback,3000,246,19.6,3,DOHC,3.0,MPFI,94.8,122,6259,RWD,5,Front,4365,1757,1411,2344,1859,,,Manual
428,Mahindra,XUV700,2022,26.4,Diesel,SUV,1000,79,21.4,4,DOHC,1.0,MPFI,93.7,231,4155,AWD,4,Front,4031,1939,1758,2878,1611,,,Manual
429,Maruti Suzuki,Alto,2019,24.2,Petrol,SUV,1000,77,16.1,4,DOHC,1.0,MPFI,74.7,240,5101,RWD,4,Front,3772,1966,1467,2915,902,,,Automatic
430,Mahindra,Scorpio,2022,33.7,CNG,Sedan,1500,117,18.9,3,DOHC,1.5,MPFI,71.7,206,6209,RWD,4,Front,4117,1559,1409,2399,2040,,,Manual
431,Hyundai,Creta,2026,62.8,Diesel,Hatchback,3000,296,24.3,3,DOHC,3.0,MPFI,77.1,211,5269,AWD,4,Front,4928,1776,1523,2550,1570,,,Automatic
432,Hyundai,Creta,2021,27.6,Diesel,Hatchback,1200,86,15.6,6,DOHC,1.2,MPFI,81.2,231,6476,AWD,5,Front,4242,1951,1741,2969,1931,,,Manual
433,Tata,Punch,2023,25.1,CNG,Hatchback,1200,82,20.9,3,DOHC,1.2,MPFI,86.7,149,4446,FWD,5,Front,3961,1979,1472,2624,875,,,Automatic
434,Maruti Suzuki,Swift,2026,22.5,CNG,SUV,1000,83,13.1,3,DOHC,1.0,MPFI,96.0,246,5453,FWD,5,Front,4093,1512,1511,2600,1593,,,Automatic
435,MG,Hector,2019,26.5,Electric,Sedan,0,222,0.0,0,DOHC,0.0,Battery,0.0,173,0,RWD,5,Front,4361,1601,1630,2926,1347,68,314,Manual
436,Mahindra,Scorpio,2017,17.8,Electric,SUV,0,152,0.0,0,DOHC,0.0,Battery,0.0,162,0,RWD,5,Front,3964,1886,1625,2572,949,24,457,Manual
437,MG,Hector,2017,27.9,Electric,Sedan,0,202,0.0,0,DOHC,0.0,Battery,0.0,123,0,RWD,5,Front,3693,1754,1832,2935,1707,79,395,Automatic
438,Mahindra,Scorpio,2019,42.6,Petrol,SUV,2000,168,22.5,6,DOHC,2.0,MPFI,90.7,148,4398,FWD,4,Front,3736,1847,1699,2449,2144,,,Manual
439,Audi,A6,2021,42.4,Petrol,Sedan,2000,156,13.3,6,DOHC,2.0,MPFI,88.5,121,6296,AWD,5,Front,4990,1534,1453,2945,2094,,,Automatic
440,Mahindra,XUV700,2018,38.8,Diesel,SUV,2000,140,18.2,3,DOHC,2.0,MPFI,85.2,146,5471,AWD,4,Front,4885,1892,1792,2714,1943,,,Automatic
441,Mahindra,XUV700,2026,13.6,Electric,Sedan,0,88,0.0,0,DOHC,0.0,Battery,0.0,143,0,RWD,4,Front,3554,1844,1841,2892,1357,47,267,Automatic
442,Mahindra,XUV700,2017,46.5,CNG,SUV,2000,175,15.5,3,DOHC,2.0,MPFI,95.0,146,5397,RWD,5,Front,4234,1831,1625,2561,1092,,,Automatic
443,MG,Hector,2023,28.0,Electric,Sedan,0,187,0.0,0,DOHC,0.0,Battery,0.0,184,0,RWD,5,Front,4147,1828,1849,2550,2065,25,228,Manual
444,Kia,Seltos,2024,27.7,CNG,Sedan,1200,118,23.8,6,DOHC,1.2,MPFI,86.3,190,5506,FWD,4,Front,4682,1593,1710,2536,1010,,,Manual
445,Mercedes-Benz,C-Class,2018,15.5,Electric,Hatchback,0,130,0.0,0,DOHC,0.0,Battery,0.0,133,0,FWD,4,Front,4998,1867,1512,2480,1955,45,439,Manual
446,Toyota,Fortuner,2018,36.0,Diesel,SUV,1500,140,15.7,6,DOHC,1.5,MPFI,92.2,184,5390,RWD,4,Front,3701,1826,1766,2815,1857,,,Automatic
447,Volkswagen,Taigun,2023,18.4,Electric,SUV,0,137,0.0,0,DOHC,0.0,Battery,0.0,142,0,RWD,5,Front,4415,1756,1538,2740,1824,53,331,Manual
448,Mahindra,XUV700,2017,29.8,Petrol,Sedan,1200,82,13.9,6,DOHC,1.2,MPFI,81.4,160,5450,FWD,5,Front,4568,1797,1459,2925,1225,,,Manual
449,Mahindra,XUV700,2023,15.9,Electric,SUV,0,123,0.0,0,DOHC,0.0,Battery,0.0,178,0,RWD,5,Front,4440,1729,1819,2971,1689,70,435,Automatic
450,BMW,X1,2021,54.9,Petrol,SUV,3000,218,22.4,4,DOHC,3.0,MPFI,75.9,231,6340,FWD,5,Front,4730,1537,1511,2357,2013,,,Automatic
451,Mahindra,XUV700,2021,23.1,Petrol,Sedan,1000,93,14.5,4,DOHC,1.0,MPFI,87.3,194,4863,AWD,4,Front,4680,1511,1751,2605,2147,,,Automatic
452,Tata,Punch,2026,20.5,Petrol,SUV,800,57,19.5,3,DOHC,0.8,MPFI,95.3,191,5908,AWD,4,Front,3740,1910,1567,2971,998,,,Automatic
453,Honda,City,2020,24.7,Petrol,Hatchback,1200,78,25.0,4,DOHC,1.2,MPFI,75.9,175,4227,AWD,4,Front,4373,1844,1415,2853,1616,,,Automatic
454,Mahindra,Scorpio,2022,20.3,Diesel,Hatchback,800,77,16.7,4,DOHC,0.8,MPFI,95.8,186,4993,AWD,4,Front,4675,1626,1773,2376,922,,,Automatic
455,Maruti Suzuki,Alto,2017,30.3,CNG,Hatchback,1200,112,24.6,6,DOHC,1.2,MPFI,89.5,237,4326,AWD,5,Front,4405,1911,1437,2670,1752,,,Automatic
456,Honda,City,2020,21.5,Electric,Sedan,0,194,0.0,0,DOHC,0.0,Battery,0.0,147,0,FWD,4,Front,4666,1666,1565,2663,1287,48,259,Manual
457,Audi,A6,2021,22.4,Electric,Hatchback,0,132,0.0,0,DOHC,0.0,Battery,0.0,245,0,RWD,4,Front,4839,1956,1480,2368,1280,25,455,Manual
458,Tata,Nexon,2021,27.7,Diesel,SUV,1200,73,14.6,3,DOHC,1.2,MPFI,91.8,232,6474,RWD,4,Front,4883,1564,1759,2461,2041,,,Automatic
459,Honda,City,2019,23.1,Petrol,Sedan,800,52,16.8,6,DOHC,0.8,MPFI,84.4,120,5918,RWD,5,Front,3719,1902,1673,2342,1973,,,Automatic
460,Maruti Suzuki,Alto,2021,24.3,Electric,SUV,0,197,0.0,0,DOHC,0.0,Battery,0.0,158,0,RWD,4,Front,4795,1877,1783,2555,2076,33,298,Automatic
461,Tata,Punch,2022,25.7,Petrol,Sedan,1200,91,24.0,3,DOHC,1.2,MPFI,82.9,208,4100,AWD,5,Front,4111,1549,1402,2918,2082,,,Manual
462,Toyota,Fortuner,2024,25.0,Electric,Hatchback,0,191,0.0,0,DOHC,0.0,Battery,0.0,124,0,RWD,5,Front,3646,1800,1857,2442,1205,34,275,Automatic
463,Tata,Punch,2023,26.1,Electric,SUV,0,176,0.0,0,DOHC,0.0,Battery,0.0,171,0,AWD,5,Front,3692,1536,1405,2774,1900,79,379,Manual
464,Volkswagen,Taigun,2024,37.1,Petrol,Sedan,2000,132,16.3,3,DOHC,2.0,MPFI,73.0,122,4835,AWD,4,Front,4014,1826,1796,2812,1544,,,Manual
465,Skoda,Slavia,2025,21.4,CNG,Sedan,1000,86,12.7,3,DOHC,1.0,MPFI,75.1,223,5880,FWD,5,Front,4579,1875,1495,2431,893,,,Manual
466,Honda,City,2025,53.6,Petrol,Sedan,3000,197,18.4,3,DOHC,3.0,MPFI,81.4,218,4355,AWD,4,Front,3763,1968,1889,2729,1276,,,Manual
467,Maruti Suzuki,Alto,2026,22.9,Petrol,SUV,800,66,21.2,4,DOHC,0.8,MPFI,77.5,158,4528,AWD,5,Front,4152,1843,1873,2693,1939,,,Manual
468,Volkswagen,Taigun,2019,31.5,Diesel,Hatchback,1500,125,20.8,3,DOHC,1.5,MPFI,76.0,232,5581,AWD,4,Front,3649,1632,1541,2926,2066,,,Manual
469,Toyota,Fortuner,2017,23.7,Electric,Sedan,0,194,0.0,0,DOHC,0.0,Battery,0.0,212,0,RWD,5,Front,4072,1815,1770,2976,1519,32,423,Manual
470,Mahindra,Scorpio,2020,30.5,Petrol,SUV,1500,95,13.2,6,DOHC,1.5,MPFI,84.8,213,5805,RWD,4,Front,3700,1502,1806,2588,919,,,Manual
471,Volkswagen,Taigun,2022,62.9,Petrol,Sedan,3000,241,18.1,6,DOHC,3.0,MPFI,76.0,153,5419,RWD,5,Front,4156,1978,1673,2512,1133,,,Automatic
472,Hyundai,Creta,2023,24.0,Diesel,SUV,1200,87,15.4,3,DOHC,1.2,MPFI,85.7,197,5055,FWD,4,Front,3616,1977,1501,2491,979,,,Manual
473,BMW,X1,2020,31.1,CNG,Sedan,1500,134,12.6,3,DOHC,1.5,MPFI,72.1,213,6477,AWD,4,Front,4237,1966,1800,2624,1839,,,Manual
474,Audi,A6,2020,27.5,Diesel,Hatchback,1200,115,24.6,4,DOHC,1.2,MPFI,74.4,187,5801,AWD,4,Front,3577,1959,1648,2544,1244,,,Automatic
475,Mahindra,Scorpio,2022,28.2,Petrol,Sedan,1200,95,23.2,4,DOHC,1.2,MPFI,93.8,223,5446,FWD,4,Front,4301,1577,1663,2864,1295,,,Manual
476,Volkswagen,Taigun,2021,26.3,Electric,Hatchback,0,214,0.0,0,DOHC,0.0,Battery,0.0,126,0,AWD,5,Front,3661,1527,1800,2637,1356,22,274,Manual
477,Mahindra,Scorpio,2019,21.9,Petrol,Hatchback,800,59,22.8,6,DOHC,0.8,MPFI,92.7,148,4127,RWD,5,Front,3888,1874,1681,2324,1830,,,Manual
478,Volkswagen,Taigun,2023,67.2,Diesel,Hatchback,3000,284,17.9,3,DOHC,3.0,MPFI,79.3,214,4223,FWD,5,Front,3544,1613,1426,2386,885,,,Manual
479,MG,Hector,2021,52.8,Diesel,Sedan,3000,185,15.8,3,DOHC,3.0,MPFI,96.7,179,4601,RWD,5,Front,4268,1628,1567,2416,1241,,,Manual
480,Maruti Suzuki,Alto,2018,32.5,Petrol,Hatchback,1500,110,18.3,4,DOHC,1.5,MPFI,92.3,230,5600,RWD,4,Front,4813,1574,1744,2338,1370,,,Manual
481,BMW,X1,2020,25.6,CNG,SUV,1000,62,14.7,6,DOHC,1.0,MPFI,84.7,221,4645,AWD,4,Front,3866,1706,1707,2465,1738,,,Manual
482,Volkswagen,Taigun,2019,19.9,CNG,Sedan,1000,73,15.7,3,DOHC,1.0,MPFI,87.0,193,4964,AWD,5,Front,4050,1910,1763,2362,2196,,,Manual
483,Mercedes-Benz,C-Class,2024,36.6,Diesel,SUV,1500,135,15.3,4,DOHC,1.5,MPFI,73.9,199,4431,RWD,5,Front,4715,1569,1811,2878,1087,,,Automatic
484,Audi,A6,2023,44.1,Petrol,SUV,2000,143,15.8,6,DOHC,2.0,MPFI,94.7,227,4694,FWD,5,Front,4888,1653,1878,2950,1209,,,Automatic
485,Toyota,Fortuner,2020,30.9,CNG,SUV,1500,102,14.2,6,DOHC,1.5,MPFI,92.6,244,4552,RWD,4,Front,4281,1817,1592,2731,1467,,,Automatic
486,Volkswagen,Taigun,2019,18.7,Electric,Hatchback,0,162,0.0,0,DOHC,0.0,Battery,0.0,165,0,FWD,5,Front,4863,1875,1437,2444,1654,75,403,Manual
487,Kia,Seltos,2026,25.2,Electric,Hatchback,0,177,0.0,0,DOHC,0.0,Battery,0.0,222,0,RWD,4,Front,4896,1703,1457,2373,868,38,328,Manual
488,Tata,Punch,2026,26.8,Petrol,SUV,1200,96,14.5,4,DOHC,1.2,MPFI,73.6,215,5134,FWD,4,Front,4940,1806,1778,2546,2071,,,Manual
489,Mahindra,XUV700,2024,16.6,Electric,Sedan,0,107,0.0,0,DOHC,0.0,Battery,0.0,226,0,AWD,5,Front,3833,1840,1787,2561,1692,61,302,Automatic
490,Maruti Suzuki,Swift,2020,26.7,Petrol,Sedan,1200,111,18.5,4,DOHC,1.2,MPFI,87.6,235,5998,FWD,4,Front,3679,1605,1683,2860,1121,,,Automatic
491,Skoda,Slavia,2025,44.3,Petrol,Hatchback,2000,169,19.7,4,DOHC,2.0,MPFI,70.1,139,4125,FWD,5,Front,4137,1788,1754,2561,1567,,,Manual
492,Skoda,Slavia,2023,22.8,CNG,SUV,1000,62,20.7,3,DOHC,1.0,MPFI,83.0,209,6396,FWD,4,Front,4658,1638,1739,2488,1644,,,Automatic
493,Maruti Suzuki,Alto,2023,29.2,CNG,Hatchback,1500,115,16.2,4,DOHC,1.5,MPFI,93.9,189,6420,RWD,4,Front,4214,1954,1736,2568,896,,,Automatic
494,BMW,X1,2025,19.8,Diesel,Hatchback,800,61,12.4,4,DOHC,0.8,MPFI,92.7,200,5315,AWD,4,Front,4495,1512,1850,2705,895,,,Automatic
495,Honda,City,2025,30.0,Electric,Sedan,0,216,0.0,0,DOHC,0.0,Battery,0.0,143,0,AWD,4,Front,3540,1532,1644,2323,1416,57,468,Manual
496,Audi,A6,2025,31.8,Diesel,SUV,1500,116,24.8,6,DOHC,1.5,MPFI,90.6,181,4728,FWD,5,Front,4004,1597,1513,2988,1573,,,Automatic
497,Maruti Suzuki,Swift,2023,32.8,Petrol,Sedan,1200,109,16.2,3,DOHC,1.2,MPFI,85.5,179,5287,FWD,4,Front,4172,1880,1766,2338,2092,,,Automatic
498,Mahindra,XUV700,2020,16.5,CNG,Sedan,800,57,24.0,3,DOHC,0.8,MPFI,76.9,176,4681,AWD,4,Front,3654,1871,1646,2672,1289,,,Manual
499,Honda,City,2017,30.3,CNG,SUV,1500,114,23.8,3,DOHC,1.5,MPFI,85.9,146,5341,RWD,4,Front,3707,1773,1823,2361,1923,,,Manual
500,BMW,X1,2018,27.1,Electric,Sedan,0,188,0.0,0,DOHC,0.0,Battery,0.0,178,0,RWD,4,Front,3997,1613,1560,2778,1609,59,299,Automatic
501,Mercedes-Benz,C-Class,2017,18.2,Electric,Sedan,0,118,0.0,0,DOHC,0.0,Battery,0.0,225,0,FWD,4,Front,4234,1744,1539,2912,1556,33,413,Automatic
502,Maruti Suzuki,Swift,2017,44.6,Diesel,Sedan,2000,189,21.4,3,DOHC,2.0,MPFI,78.3,243,6270,AWD,5,Front,3754,1525,1557,2987,2019,,,Manual
503,Honda,City,2022,11.4,Electric,SUV,0,86,0.0,0,DOHC,0.0,Battery,0.0,188,0,FWD,5,Front,4960,1580,1812,2797,1080,37,202,Automatic
504,Hyundai,i20,2021,42.2,Petrol,Hatchback,2000,167,15.1,3,DOHC,2.0,MPFI,88.1,168,6121,FWD,5,Front,4522,1859,1637,2888,829,,,Manual
505,Honda,City,2022,35.6,CNG,SUV,1500,111,23.9,3,DOHC,1.5,MPFI,89.4,176,4363,FWD,4,Front,3832,1735,1607,2450,940,,,Manual
506,Maruti Suzuki,Swift,2023,24.4,Petrol,Hatchback,1200,82,20.6,6,DOHC,1.2,MPFI,78.3,124,6364,AWD,4,Front,4448,1780,1685,2571,1896,,,Automatic
507,Audi,A6,2018,21.8,Diesel,Sedan,1000,89,24.7,4,DOHC,1.0,MPFI,73.8,170,5819,FWD,4,Front,4759,1590,1550,2517,1233,,,Automatic
508,Tata,Nexon,2021,22.5,Petrol,Sedan,800,55,18.2,6,DOHC,0.8,MPFI,79.0,153,5946,AWD,5,Front,3622,1691,1534,2472,1898,,,Automatic
509,BMW,X1,2017,37.9,Petrol,Hatchback,2000,155,19.0,6,DOHC,2.0,MPFI,86.2,160,4498,FWD,5,Front,3739,1624,1597,2582,2016,,,Manual
510,Honda,City,2020,16.7,Electric,Hatchback,0,116,0.0,0,DOHC,0.0,Battery,0.0,158,0,AWD,5,Front,3903,1851,1603,2323,1367,58,405,Manual
511,Tata,Nexon,2026,28.7,Diesel,Sedan,1200,118,15.3,6,DOHC,1.2,MPFI,76.0,201,5329,FWD,4,Front,4718,1544,1461,2831,1159,,,Automatic
512,Mahindra,Scorpio,2023,22.2,CNG,Hatchback,800,74,18.9,3,DOHC,0.8,MPFI,88.9,198,6323,FWD,5,Front,3501,1561,1677,2812,1130,,,Manual
513,BMW,X1,2019,26.6,Electric,Sedan,0,234,0.0,0,DOHC,0.0,Battery,0.0,243,0,FWD,4,Front,4094,1803,1739,2783,919,29,310,Manual
514,Mercedes-Benz,C-Class,2023,52.1,Diesel,Hatchback,3000,180,18.1,4,DOHC,3.0,MPFI,83.8,232,4759,AWD,4,Front,4348,1971,1769,2728,1585,,,Automatic
515,Hyundai,i20,2017,25.9,CNG,Hatchback,1000,65,20.9,4,DOHC,1.0,MPFI,80.9,195,4433,FWD,5,Front,4780,1625,1726,2640,1482,,,Automatic
516,Tata,Nexon,2018,19.4,Electric,SUV,0,170,0.0,0,DOHC,0.0,Battery,0.0,132,0,AWD,5,Front,4833,1905,1775,2357,1125,43,222,Manual
517,Hyundai,i20,2023,24.9,CNG,Sedan,1000,77,14.1,4,DOHC,1.0,MPFI,96.5,204,6216,RWD,5,Front,4020,1773,1636,2547,1683,,,Manual
518,Tata,Nexon,2017,33.4,Diesel,SUV,1500,103,23.4,6,DOHC,1.5,MPFI,89.6,141,6352,AWD,5,Front,4859,1551,1414,2868,1825,,,Manual
519,BMW,X1,2024,42.3,Diesel,Hatchback,2000,142,21.1,6,DOHC,2.0,MPFI,75.3,249,5243,RWD,4,Front,3897,1715,1441,2610,932,,,Manual
520,Honda,City,2017,30.5,Diesel,SUV,1500,124,13.7,6,DOHC,1.5,MPFI,92.4,127,4715,AWD,5,Front,4291,1997,1878,2941,1038,,,Automatic
521,Mahindra,XUV700,2023,20.4,CNG,Hatchback,1000,61,12.8,3,DOHC,1.0,MPFI,96.5,247,5805,RWD,5,Front,4508,1965,1584,2858,965,,,Automatic
522,Toyota,Fortuner,2018,24.3,Diesel,SUV,800,73,22.2,6,DOHC,0.8,MPFI,76.0,202,6057,RWD,5,Front,3709,1557,1893,2484,1175,,,Automatic
523,Audi,A6,2024,13.7,Electric,SUV,0,77,0.0,0,DOHC,0.0,Battery,0.0,217,0,RWD,5,Front,4428,1705,1788,2774,1597,70,383,Manual
524,Skoda,Slavia,2022,29.2,Diesel,SUV,1200,115,16.9,4,DOHC,1.2,MPFI,74.1,230,5780,RWD,5,Front,4658,1575,1695,2567,2034,,,Manual
525,Mahindra,XUV700,2018,15.6,Electric,Sedan,0,119,0.0,0,DOHC,0.0,Battery,0.0,161,0,AWD,4,Front,4743,1611,1599,2902,1564,47,263,Manual
526,Tata,Punch,2026,32.2,CNG,SUV,1200,103,16.0,3,DOHC,1.2,MPFI,79.1,165,4025,AWD,5,Front,3832,1824,1761,2766,1312,,,Automatic
527,Skoda,Slavia,2025,21.7,Electric,SUV,0,174,0.0,0,DOHC,0.0,Battery,0.0,128,0,RWD,4,Front,4993,1834,1515,2794,1801,58,325,Manual
528,Tata,Nexon,2024,57.6,Diesel,Sedan,3000,232,13.0,3,DOHC,3.0,MPFI,90.5,221,6391,RWD,5,Front,3654,1614,1590,2627,1297,,,Manual
529,Mercedes-Benz,C-Class,2021,21.6,Electric,Hatchback,0,185,0.0,0,DOHC,0.0,Battery,0.0,130,0,FWD,4,Front,4186,1826,1501,2595,1451,46,251,Automatic
530,Maruti Suzuki,Alto,2018,38.1,CNG,SUV,2000,131,14.1,3,DOHC,2.0,MPFI,85.6,212,4244,FWD,5,Front,4497,1669,1716,2596,1611,,,Automatic
531,Audi,A6,2020,60.2,Petrol,Sedan,3000,259,15.3,4,DOHC,3.0,MPFI,81.3,178,5623,AWD,5,Front,4632,1748,1540,2417,1109,,,Manual
532,Hyundai,i20,2025,32.0,Diesel,Hatchback,1200,117,15.7,3,DOHC,1.2,MPFI,92.1,187,5459,RWD,4,Front,3605,1683,1414,2959,1058,,,Automatic
533,Audi,A6,2023,43.2,Petrol,Hatchback,2000,173,18.4,4,DOHC,2.0,MPFI,87.6,191,4525,AWD,5,Front,4886,1506,1819,2947,1691,,,Manual
534,Honda,City,2022,25.6,CNG,Sedan,1200,107,23.3,4,DOHC,1.2,MPFI,81.3,247,6493,RWD,5,Front,4459,1534,1809,2507,2128,,,Manual
535,Toyota,Fortuner,2022,29.1,Electric,Sedan,0,235,0.0,0,DOHC,0.0,Battery,0.0,179,0,FWD,5,Front,4032,1570,1620,2967,1338,21,441,Automatic
536,Tata,Punch,2026,33.3,Petrol,Sedan,1500,149,18.0,3,DOHC,1.5,MPFI,73.5,234,4996,RWD,4,Front,4918,1913,1673,2363,1332,,,Manual
537,BMW,X1,2025,24.7,Electric,SUV,0,160,0.0,0,DOHC,0.0,Battery,0.0,133,0,AWD,4,Front,4336,1508,1498,2777,1346,69,434,Manual
538,Mercedes-Benz,C-Class,2018,24.6,Electric,SUV,0,163,0.0,0,DOHC,0.0,Battery,0.0,222,0,RWD,5,Front,4578,1822,1510,2931,2124,46,352,Automatic
539,Mercedes-Benz,C-Class,2019,19.8,Electric,Hatchback,0,166,0.0,0,DOHC,0.0,Battery,0.0,233,0,RWD,5,Front,4658,1668,1802,2703,826,37,213,Automatic
540,Mahindra,Scorpio,2026,26.8,CNG,Hatchback,1000,87,21.6,4,DOHC,1.0,MPFI,81.3,130,4668,AWD,4,Front,4760,1862,1540,2929,2045,,,Manual
541,Toyota,Fortuner,2024,16.5,Electric,Hatchback,0,138,0.0,0,DOHC,0.0,Battery,0.0,163,0,RWD,5,Front,4615,1636,1746,2409,1672,47,301,Manual
542,Maruti Suzuki,Swift,2020,65.9,Diesel,SUV,3000,280,23.4,4,DOHC,3.0,MPFI,79.2,248,6231,RWD,4,Front,4871,1788,1551,2632,2099,,,Automatic
543,Kia,Seltos,2024,40.7,CNG,Hatchback,2000,127,19.1,3,DOHC,2.0,MPFI,76.8,210,5068,AWD,5,Front,4247,1894,1453,2973,1705,,,Automatic
544,Audi,A6,2023,47.1,Petrol,Hatchback,2000,196,15.7,6,DOHC,2.0,MPFI,96.7,144,6150,FWD,5,Front,3838,1757,1663,2844,1383,,,Automatic
545,Audi,A6,2026,45.8,CNG,Hatchback,2000,177,22.6,4,DOHC,2.0,MPFI,73.5,168,5497,AWD,4,Front,4427,1536,1457,2755,1393,,,Automatic
546,Toyota,Fortuner,2019,26.8,Diesel,Hatchback,1200,112,14.5,3,DOHC,1.2,MPFI,86.7,191,6159,AWD,5,Front,3813,1843,1671,2447,1732,,,Automatic
547,Tata,Nexon,2020,43.4,CNG,SUV,2000,135,24.5,3,DOHC,2.0,MPFI,74.1,211,4010,AWD,5,Front,4977,1802,1554,2402,1237,,,Automatic
548,Mercedes-Benz,C-Class,2018,24.3,Electric,Sedan,0,209,0.0,0,DOHC,0.0,Battery,0.0,127,0,FWD,5,Front,4514,1841,1496,2727,1070,55,474,Manual
549,BMW,X1,2017,32.5,Diesel,SUV,1500,101,15.3,4,DOHC,1.5,MPFI,89.3,140,5983,RWD,5,Front,4119,1538,1464,2540,1043,,,Automatic
550,Maruti Suzuki,Alto,2023,25.0,Diesel,Sedan,800,77,15.4,4,DOHC,0.8,MPFI,77.2,136,4708,RWD,5,Front,4100,1913,1863,2429,2098,,,Automatic
551,Kia,Seltos,2018,38.5,CNG,Sedan,2000,136,14.1,6,DOHC,2.0,MPFI,91.6,166,6313,FWD,5,Front,3608,1986,1658,2643,1713,,,Manual
552,BMW,X1,2021,24.3,Petrol,Hatchback,800,64,18.2,4,DOHC,0.8,MPFI,90.2,224,5905,RWD,4,Front,4089,1974,1661,2509,906,,,Automatic
553,Tata,Nexon,2024,32.1,CNG,SUV,1500,108,15.1,3,DOHC,1.5,MPFI,87.3,149,4322,RWD,5,Front,4871,1954,1685,2665,1788,,,Automatic
554,Mercedes-Benz,C-Class,2018,61.5,Diesel,Hatchback,3000,224,21.6,6,DOHC,3.0,MPFI,87.2,242,4830,AWD,4,Front,4181,1978,1775,2802,1241,,,Manual
555,Kia,Seltos,2018,24.3,Petrol,Sedan,1200,93,19.2,3,DOHC,1.2,MPFI,79.2,172,4948,AWD,4,Front,4699,1916,1407,2468,1926,,,Automatic
556,Volkswagen,Taigun,2020,15.6,Electric,Hatchback,0,78,0.0,0,DOHC,0.0,Battery,0.0,192,0,FWD,4,Front,3947,1734,1798,2595,845,51,305,Automatic
557,Hyundai,Creta,2025,34.9,Diesel,SUV,1500,107,22.5,3,DOHC,1.5,MPFI,70.1,206,4945,RWD,5,Front,4333,1692,1795,2407,1083,,,Manual
558,Honda,City,2019,23.9,Petrol,Sedan,1200,81,22.9,4,DOHC,1.2,MPFI,95.0,170,4266,FWD,5,Front,3781,1645,1725,2913,1871,,,Automatic
559,Tata,Punch,2024,45.2,Diesel,Sedan,2000,195,15.7,3,DOHC,2.0,MPFI,97.8,204,5829,RWD,4,Front,3781,1709,1477,2350,1926,,,Manual
560,Tata,Punch,2023,58.2,Petrol,Sedan,3000,225,20.4,3,DOHC,3.0,MPFI,71.5,221,5486,FWD,5,Front,3894,1835,1868,2623,1150,,,Automatic
561,Skoda,Slavia,2021,22.3,Diesel,SUV,1000,89,15.0,4,DOHC,1.0,MPFI,86.2,189,4779,RWD,5,Front,3592,1507,1438,2756,1303,,,Automatic
562,BMW,X1,2020,23.2,Diesel,SUV,800,78,19.1,3,DOHC,0.8,MPFI,88.8,245,5274,FWD,4,Front,4616,1550,1525,2372,1205,,,Manual
563,Hyundai,i20,2022,15.3,Electric,SUV,0,100,0.0,0,DOHC,0.0,Battery,0.0,126,0,FWD,5,Front,4876,1625,1635,2367,1403,32,394,Automatic
564,Maruti Suzuki,Swift,2018,61.7,CNG,Hatchback,3000,243,23.4,4,DOHC,3.0,MPFI,70.3,232,4236,FWD,4,Front,4942,1666,1686,2399,2195,,,Automatic
565,Skoda,Slavia,2025,20.0,Electric,Hatchback,0,134,0.0,0,DOHC,0.0,Battery,0.0,129,0,RWD,4,Front,3793,1724,1415,2907,1042,72,353,Automatic
566,Mercedes-Benz,C-Class,2026,33.7,Diesel,Sedan,1500,121,15.2,6,DOHC,1.5,MPFI,79.7,159,6163,FWD,5,Front,3947,1887,1443,2825,2118,,,Manual
567,Mahindra,XUV700,2017,19.6,Electric,Sedan,0,135,0.0,0,DOHC,0.0,Battery,0.0,201,0,FWD,4,Front,3838,1850,1738,2319,1427,40,219,Automatic
568,Skoda,Slavia,2020,37.9,CNG,SUV,2000,122,22.2,4,DOHC,2.0,MPFI,76.7,204,4731,RWD,4,Front,3965,1575,1823,2828,1513,,,Automatic
569,Maruti Suzuki,Alto,2025,18.2,Electric,Sedan,0,119,0.0,0,DOHC,0.0,Battery,0.0,198,0,RWD,4,Front,3518,1727,1495,2609,1709,32,360,Manual
570,Mahindra,XUV700,2017,20.6,CNG,SUV,800,53,24.1,6,DOHC,0.8,MPFI,78.8,143,5224,FWD,5,Front,4393,1949,1490,2413,1773,,,Manual
571,Hyundai,Creta,2022,22.0,Electric,Sedan,0,154,0.0,0,DOHC,0.0,Battery,0.0,176,0,RWD,4,Front,4875,1532,1429,2626,1442,42,243,Manual
572,Maruti Suzuki,Alto,2017,23.3,CNG,Hatchback,1000,76,23.4,6,DOHC,1.0,MPFI,97.4,199,4506,RWD,5,Front,4406,1667,1445,2842,836,,,Automatic
573,Toyota,Fortuner,2025,15.0,Electric,SUV,0,122,0.0,0,DOHC,0.0,Battery,0.0,182,0,FWD,5,Front,4174,1843,1702,2943,1140,58,307,Manual
574,Volkswagen,Taigun,2021,21.4,Petrol,Hatchback,800,57,14.3,3,DOHC,0.8,MPFI,80.8,223,4241,AWD,4,Front,4608,1979,1554,2995,1639,,,Manual
575,Skoda,Slavia,2026,24.6,Electric,Sedan,0,160,0.0,0,DOHC,0.0,Battery,0.0,169,0,RWD,5,Front,4233,1543,1750,2492,1529,73,383,Automatic
576,Volkswagen,Taigun,2023,21.1,Electric,Hatchback,0,128,0.0,0,DOHC,0.0,Battery,0.0,229,0,AWD,4,Front,4013,1553,1677,2694,1444,50,353,Manual
577,BMW,X1,2017,25.5,Petrol,Sedan,1200,107,18.6,4,DOHC,1.2,MPFI,82.0,243,5483,RWD,4,Front,3554,1505,1864,2882,1075,,,Automatic
578,Hyundai,Creta,2022,28.2,Petrol,Hatchback,1500,94,21.3,6,DOHC,1.5,MPFI,83.1,206,4604,FWD,5,Front,4375,1794,1697,2764,1245,,,Automatic
579,Mahindra,Scorpio,2022,30.1,Electric,Sedan,0,231,0.0,0,DOHC,0.0,Battery,0.0,196,0,FWD,4,Front,3753,1719,1406,2694,1461,48,450,Automatic
580,Skoda,Slavia,2026,22.0,Petrol,Hatchback,1000,85,23.8,3,DOHC,1.0,MPFI,73.9,121,6147,FWD,5,Front,4627,1577,1716,2413,1413,,,Manual
581,Honda,City,2025,60.8,Petrol,Hatchback,3000,260,14.1,3,DOHC,3.0,MPFI,84.6,236,5077,AWD,5,Front,3981,1897,1751,2557,2127,,,Automatic
582,MG,Hector,2017,62.7,Diesel,Sedan,3000,280,14.0,3,DOHC,3.0,MPFI,78.1,175,4264,RWD,5,Front,4157,1787,1769,2850,1401,,,Manual
583,Volkswagen,Taigun,2021,61.7,Diesel,Sedan,3000,274,18.2,6,DOHC,3.0,MPFI,83.1,197,5669,FWD,5,Front,3670,1906,1425,2566,2138,,,Manual
584,Mercedes-Benz,C-Class,2021,55.7,Diesel,Hatchback,3000,224,24.4,3,DOHC,3.0,MPFI,75.8,134,6167,RWD,4,Front,4574,1906,1809,2357,1472,,,Manual
585,Honda,City,2021,30.1,CNG,Sedan,1500,127,23.7,6,DOHC,1.5,MPFI,86.7,185,4053,AWD,4,Front,3663,1810,1635,2458,1740,,,Automatic
586,Volkswagen,Taigun,2024,25.0,CNG,Hatchback,1000,97,14.0,4,DOHC,1.0,MPFI,81.7,133,5992,AWD,4,Front,3537,1804,1542,2429,2026,,,Manual
587,Audi,A6,2022,19.9,Electric,Hatchback,0,122,0.0,0,DOHC,0.0,Battery,0.0,210,0,FWD,5,Front,4090,1946,1466,2624,1484,36,208,Manual
588,Mahindra,XUV700,2024,59.6,CNG,Hatchback,3000,245,14.6,4,DOHC,3.0,MPFI,87.2,250,6190,FWD,4,Front,4353,1504,1622,2521,1948,,,Automatic
589,Honda,City,2018,28.0,Electric,Hatchback,0,216,0.0,0,DOHC,0.0,Battery,0.0,184,0,AWD,5,Front,4092,1617,1765,2470,1332,27,213,Automatic
590,Mahindra,Scorpio,2018,30.9,Electric,SUV,0,216,0.0,0,DOHC,0.0,Battery,0.0,234,0,FWD,5,Front,4507,1979,1559,2493,2096,28,210,Manual
591,Audi,A6,2025,23.6,Diesel,SUV,800,74,22.0,6,DOHC,0.8,MPFI,78.4,179,6223,FWD,4,Front,4243,1888,1899,2841,1365,,,Automatic
592,Toyota,Fortuner,2019,28.5,CNG,SUV,1200,87,12.8,3,DOHC,1.2,MPFI,98.0,194,5662,FWD,4,Front,3993,1600,1458,2964,1244,,,Automatic
593,Maruti Suzuki,Alto,2026,34.5,Petrol,Sedan,1500,112,12.6,4,DOHC,1.5,MPFI,80.5,121,4825,FWD,5,Front,4866,1598,1675,2786,1636,,,Manual
594,Volkswagen,Taigun,2024,27.5,Petrol,Hatchback,1500,94,17.7,6,DOHC,1.5,MPFI,92.5,171,4952,FWD,4,Front,3871,1896,1444,2355,1237,,,Manual
595,Maruti Suzuki,Swift,2021,17.4,Petrol,Sedan,800,70,24.7,3,DOHC,0.8,MPFI,72.5,144,4563,RWD,5,Front,4841,1981,1488,2904,1967,,,Manual
596,Toyota,Fortuner,2024,17.6,Diesel,SUV,800,61,13.5,6,DOHC,0.8,MPFI,75.8,152,6473,FWD,5,Front,3781,1792,1604,2807,1230,,,Automatic
597,Audi,A6,2026,18.7,Electric,Hatchback,0,89,0.0,0,DOHC,0.0,Battery,0.0,143,0,FWD,4,Front,4256,1646,1787,2350,1048,45,378,Manual
598,Volkswagen,Taigun,2020,23.2,Petrol,Sedan,1000,82,22.8,3,DOHC,1.0,MPFI,71.0,149,4064,RWD,4,Front,4406,1805,1865,2670,1546,,,Automatic
599,Honda,City,2025,45.0,CNG,Sedan,2000,171,18.5,6,DOHC,2.0,MPFI,76.9,183,5578,FWD,4,Front,4767,1875,1765,2617,958,,,Manual
600,Hyundai,i20,2019,24.6,Petrol,Hatchback,800,78,15.7,6,DOHC,0.8,MPFI,78.0,203,6209,AWD,5,Front,3912,1946,1879,2472,1797,,,Automatic
601,Mercedes-Benz,C-Class,2018,32.7,CNG,Hatchback,1500,115,23.2,3,DOHC,1.5,MPFI,71.5,183,5455,FWD,5,Front,3721,1888,1592,2322,1364,,,Automatic
602,Hyundai,Creta,2019,63.9,CNG,Hatchback,3000,243,24.2,3,DOHC,3.0,MPFI,93.4,123,5033,RWD,4,Front,4526,1810,1783,2719,1520,,,Manual
603,Audi,A6,2023,56.3,CNG,SUV,3000,228,16.9,3,DOHC,3.0,MPFI,80.6,195,4240,RWD,5,Front,4762,1987,1568,2963,1344,,,Automatic
604,Tata,Punch,2024,52.3,Diesel,Sedan,3000,184,16.8,3,DOHC,3.0,MPFI,98.3,216,6015,RWD,5,Front,4784,1659,1706,2967,1853,,,Automatic
605,BMW,X1,2022,31.5,Diesel,Sedan,1500,97,12.7,4,DOHC,1.5,MPFI,75.3,200,5515,AWD,5,Front,4900,1637,1582,2557,1280,,,Manual
606,Audi,A6,2023,20.0,Petrol,Sedan,800,61,20.1,4,DOHC,0.8,MPFI,89.8,126,4994,AWD,5,Front,3562,1502,1655,2569,1600,,,Automatic
607,Skoda,Slavia,2017,30.7,Diesel,SUV,1200,98,13.6,3,DOHC,1.2,MPFI,93.0,148,4357,FWD,4,Front,3681,1638,1811,2638,2068,,,Automatic
608,Kia,Seltos,2020,20.0,Diesel,Hatchback,800,69,13.3,4,DOHC,0.8,MPFI,84.8,192,5564,FWD,4,Front,3504,1558,1634,2641,1672,,,Manual
609,MG,Hector,2017,68.0,Diesel,Hatchback,3000,286,18.2,3,DOHC,3.0,MPFI,81.9,181,6465,FWD,4,Front,4395,1502,1896,2814,1744,,,Automatic
610,Audi,A6,2021,20.4,Diesel,SUV,800,66,14.3,3,DOHC,0.8,MPFI,81.8,221,5345,RWD,4,Front,3943,2000,1801,2967,1810,,,Manual
611,Mahindra,Scorpio,2022,20.3,CNG,SUV,800,78,19.1,4,DOHC,0.8,MPFI,76.7,219,4428,RWD,5,Front,3908,1694,1713,2694,1222,,,Manual
612,Mercedes-Benz,C-Class,2024,29.6,Electric,Hatchback,0,238,0.0,0,DOHC,0.0,Battery,0.0,245,0,FWD,4,Front,4874,1733,1514,2529,1073,69,206,Automatic
613,Mercedes-Benz,C-Class,2019,32.0,Diesel,SUV,1500,90,13.4,4,DOHC,1.5,MPFI,79.1,183,4556,AWD,5,Front,4914,1756,1667,2948,1116,,,Manual
614,Maruti Suzuki,Swift,2025,33.4,Petrol,Sedan,1500,99,12.7,4,DOHC,1.5,MPFI,78.3,133,4805,AWD,5,Front,4716,1581,1720,2884,1170,,,Manual
615,MG,Hector,2021,32.6,Petrol,Hatchback,1200,110,18.9,6,DOHC,1.2,MPFI,89.0,175,5867,RWD,5,Front,3898,1706,1747,2876,1151,,,Automatic
616,Maruti Suzuki,Swift,2024,17.7,CNG,Sedan,800,72,15.5,6,DOHC,0.8,MPFI,80.6,130,4478,AWD,4,Front,4024,1850,1796,2934,1788,,,Manual
617,Mahindra,XUV700,2019,19.2,Electric,Sedan,0,159,0.0,0,DOHC,0.0,Battery,0.0,212,0,FWD,5,Front,4544,1820,1706,2544,1882,25,377,Automatic
618,Maruti Suzuki,Alto,2018,21.1,CNG,Hatchback,800,50,22.3,6,DOHC,0.8,MPFI,96.1,160,4553,RWD,5,Front,4773,1598,1675,2842,2071,,,Manual
619,Tata,Punch,2026,20.5,Electric,Hatchback,0,154,0.0,0,DOHC,0.0,Battery,0.0,186,0,AWD,4,Front,3850,1777,1806,2333,1513,25,496,Manual
620,Volkswagen,Taigun,2025,56.8,CNG,Sedan,3000,180,20.1,4,DOHC,3.0,MPFI,89.4,243,4356,RWD,4,Front,3555,1682,1427,2536,1228,,,Manual
621,Hyundai,i20,2020,27.0,Diesel,SUV,1000,82,12.1,6,DOHC,1.0,MPFI,72.5,216,5708,FWD,4,Front,3717,1684,1556,2579,1127,,,Automatic
622,Tata,Punch,2017,33.8,CNG,SUV,1500,114,22.9,4,DOHC,1.5,MPFI,98.1,181,6401,FWD,4,Front,3681,1517,1816,2501,1443,,,Manual
623,Maruti Suzuki,Alto,2023,29.0,Electric,SUV,0,220,0.0,0,DOHC,0.0,Battery,0.0,200,0,AWD,4,Front,3735,1748,1704,2455,1340,28,210,Automatic
624,Mahindra,XUV700,2024,41.5,Petrol,SUV,2000,176,13.3,6,DOHC,2.0,MPFI,74.2,136,4751,AWD,4,Front,4689,1794,1406,2366,1549,,,Manual
625,Volkswagen,Taigun,2023,26.3,CNG,SUV,1000,87,16.9,3,DOHC,1.0,MPFI,89.4,131,4143,RWD,4,Front,3657,1753,1607,2456,1205,,,Automatic
626,Tata,Nexon,2018,39.2,Petrol,Hatchback,2000,140,13.5,3,DOHC,2.0,MPFI,91.9,192,5000,FWD,5,Front,3525,1547,1421,2479,1793,,,Manual
627,Audi,A6,2026,19.8,Petrol,Hatchback,800,63,14.6,6,DOHC,0.8,MPFI,89.1,188,5267,AWD,4,Front,4921,1837,1558,2646,1251,,,Automatic
628,Mercedes-Benz,C-Class,2019,32.9,CNG,Sedan,1500,101,20.7,3,DOHC,1.5,MPFI,75.9,193,5836,RWD,5,Front,4097,1932,1697,2864,1283,,,Manual
629,Kia,Seltos,2026,14.8,Electric,Sedan,0,105,0.0,0,DOHC,0.0,Battery,0.0,206,0,FWD,5,Front,4714,1698,1785,2745,1610,39,371,Manual
630,Mahindra,Scorpio,2026,31.4,CNG,SUV,1500,108,15.2,4,DOHC,1.5,MPFI,98.2,213,4477,RWD,5,Front,3795,1516,1758,2727,1491,,,Manual
631,Hyundai,Creta,2023,33.2,Electric,Hatchback,0,246,0.0,0,DOHC,0.0,Battery,0.0,241,0,AWD,5,Front,3517,1995,1797,2861,1157,75,243,Manual
632,Tata,Nexon,2024,18.0,CNG,Hatchback,800,54,23.6,6,DOHC,0.8,MPFI,71.8,141,5757,RWD,5,Front,3668,1628,1506,2431,1819,,,Manual
633,Maruti Suzuki,Alto,2021,22.0,Electric,SUV,0,176,0.0,0,DOHC,0.0,Battery,0.0,245,0,AWD,4,Front,3771,1695,1707,2593,2103,28,340,Automatic
634,Hyundai,i20,2020,17.2,Electric,Hatchback,0,98,0.0,0,DOHC,0.0,Battery,0.0,162,0,AWD,4,Front,3931,1841,1599,2425,1729,44,288,Manual
635,Toyota,Fortuner,2025,32.7,Electric,Hatchback,0,248,0.0,0,DOHC,0.0,Battery,0.0,204,0,RWD,5,Front,4399,1539,1882,2997,1672,66,287,Automatic
636,Hyundai,Creta,2023,42.5,Petrol,Sedan,2000,171,13.3,6,DOHC,2.0,MPFI,99.3,209,5785,AWD,5,Front,3700,1849,1620,2778,2059,,,Automatic
637,Hyundai,Creta,2018,30.5,Diesel,Hatchback,1200,110,24.3,4,DOHC,1.2,MPFI,99.8,162,6168,AWD,4,Front,4233,1888,1770,2692,1598,,,Manual
638,Kia,Seltos,2017,23.4,Diesel,SUV,800,66,13.8,3,DOHC,0.8,MPFI,89.1,223,4464,RWD,5,Front,4897,1607,1880,2670,1753,,,Automatic
639,Toyota,Fortuner,2021,23.6,Diesel,Hatchback,1200,83,25.0,4,DOHC,1.2,MPFI,73.6,164,4819,FWD,4,Front,4265,1982,1820,2530,2136,,,Automatic
640,Hyundai,Creta,2024,24.9,Electric,SUV,0,189,0.0,0,DOHC,0.0,Battery,0.0,225,0,FWD,5,Front,4095,1985,1523,2953,1023,44,384,Automatic
641,Tata,Nexon,2023,31.6,CNG,Hatchback,1500,136,15.0,4,DOHC,1.5,MPFI,100.0,222,5715,FWD,4,Front,3543,1674,1644,2447,1368,,,Manual
642,Audi,A6,2019,53.7,Diesel,SUV,3000,207,22.3,6,DOHC,3.0,MPFI,95.4,190,5183,FWD,4,Front,4009,1649,1731,2897,833,,,Automatic
643,Mahindra,Scorpio,2024,22.0,Petrol,Hatchback,1200,80,12.9,3,DOHC,1.2,MPFI,89.1,195,4351,FWD,5,Front,4713,1553,1649,2517,2004,,,Automatic
644,Mahindra,Scorpio,2025,21.5,Petrol,SUV,800,58,23.5,3,DOHC,0.8,MPFI,94.8,241,4564,AWD,5,Front,4404,1698,1585,2305,1384,,,Automatic
645,Honda,City,2019,27.5,CNG,Hatchback,1200,86,17.9,4,DOHC,1.2,MPFI,95.2,159,4455,FWD,4,Front,3860,1843,1873,2371,836,,,Automatic
646,Hyundai,Creta,2019,21.3,Diesel,Hatchback,800,66,24.7,4,DOHC,0.8,MPFI,92.1,208,5228,FWD,5,Front,3696,1757,1434,2698,1613,,,Automatic
647,Tata,Nexon,2021,28.9,Electric,Hatchback,0,201,0.0,0,DOHC,0.0,Battery,0.0,192,0,FWD,5,Front,3639,1689,1699,2661,817,30,436,Manual
648,Skoda,Slavia,2022,30.2,Electric,Sedan,0,228,0.0,0,DOHC,0.0,Battery,0.0,145,0,FWD,5,Front,4087,1525,1639,2642,1525,60,261,Manual
649,Volkswagen,Taigun,2026,62.2,CNG,SUV,3000,251,24.8,6,DOHC,3.0,MPFI,71.8,126,5106,AWD,5,Front,3564,1824,1737,2620,1906,,,Manual
650,Hyundai,i20,2018,17.8,Electric,Hatchback,0,125,0.0,0,DOHC,0.0,Battery,0.0,159,0,RWD,4,Front,4248,1901,1774,2783,1436,50,394,Automatic
651,Volkswagen,Taigun,2025,68.3,Petrol,SUV,3000,284,12.1,3,DOHC,3.0,MPFI,86.4,238,6105,AWD,4,Front,4498,1883,1781,2739,2005,,,Manual
652,Honda,City,2021,48.5,Diesel,Hatchback,2000,187,14.1,4,DOHC,2.0,MPFI,83.3,220,5560,FWD,5,Front,3634,1679,1885,2732,1031,,,Manual
653,Tata,Punch,2024,24.0,Petrol,Hatchback,1200,95,23.2,3,DOHC,1.2,MPFI,95.8,219,6344,AWD,4,Front,4417,1968,1700,2512,1866,,,Automatic
654,Audi,A6,2020,21.0,CNG,Hatchback,800,74,13.3,4,DOHC,0.8,MPFI,97.2,170,5308,AWD,5,Front,4459,1615,1669,2821,2179,,,Automatic
655,Toyota,Fortuner,2020,25.7,Diesel,SUV,1000,65,23.3,6,DOHC,1.0,MPFI,75.4,244,5963,AWD,5,Front,4270,1924,1458,2439,840,,,Automatic
656,Hyundai,i20,2023,22.9,CNG,SUV,1000,80,12.8,6,DOHC,1.0,MPFI,71.5,124,4375,FWD,4,Front,4307,1966,1512,2994,1784,,,Manual
657,Hyundai,i20,2022,25.5,Petrol,Hatchback,800,79,22.6,6,DOHC,0.8,MPFI,80.5,166,5409,RWD,4,Front,3648,1640,1800,2668,1547,,,Manual
658,Maruti Suzuki,Alto,2022,17.8,Electric,Hatchback,0,148,0.0,0,DOHC,0.0,Battery,0.0,220,0,RWD,4,Front,4649,1891,1601,2545,1495,71,437,Manual
659,Volkswagen,Taigun,2020,18.6,Petrol,Sedan,800,64,17.1,4,DOHC,0.8,MPFI,84.9,189,6439,FWD,5,Front,4458,1627,1543,2683,1850,,,Manual
660,Volkswagen,Taigun,2017,15.8,Electric,SUV,0,87,0.0,0,DOHC,0.0,Battery,0.0,158,0,RWD,4,Front,4674,1741,1635,2874,2019,20,406,Manual
661,Mercedes-Benz,C-Class,2025,32.5,CNG,Hatchback,1200,115,19.5,6,DOHC,1.2,MPFI,84.2,161,5947,FWD,4,Front,4851,1809,1490,2329,1072,,,Automatic
662,Tata,Nexon,2019,25.8,Electric,SUV,0,173,0.0,0,DOHC,0.0,Battery,0.0,160,0,RWD,5,Front,3677,1760,1519,2385,2042,56,304,Automatic
663,Mercedes-Benz,C-Class,2025,29.6,Diesel,SUV,1200,115,22.0,6,DOHC,1.2,MPFI,92.4,171,5561,RWD,4,Front,4589,1718,1555,2718,945,,,Manual
664,Tata,Punch,2022,21.3,Electric,SUV,0,190,0.0,0,DOHC,0.0,Battery,0.0,206,0,AWD,5,Front,3538,1554,1768,2931,919,54,488,Automatic
665,Skoda,Slavia,2022,56.3,Diesel,Sedan,3000,184,21.9,6,DOHC,3.0,MPFI,70.5,199,4824,RWD,5,Front,3813,1937,1426,2936,1031,,,Automatic
666,Hyundai,i20,2018,44.9,Petrol,Sedan,2000,177,21.7,6,DOHC,2.0,MPFI,85.7,184,4782,RWD,5,Front,3709,1869,1507,2468,1118,,,Manual
667,Honda,City,2018,52.8,Diesel,Hatchback,3000,195,19.8,6,DOHC,3.0,MPFI,82.6,174,4369,FWD,4,Front,4980,1659,1754,2354,1101,,,Manual
668,Hyundai,Creta,2020,24.8,Diesel,Sedan,1200,82,20.1,4,DOHC,1.2,MPFI,81.0,222,5525,RWD,5,Front,4328,1624,1845,2493,1249,,,Automatic
669,Maruti Suzuki,Swift,2022,26.5,Electric,Hatchback,0,183,0.0,0,DOHC,0.0,Battery,0.0,149,0,FWD,4,Front,4594,1611,1677,2759,1784,80,228,Automatic
670,Hyundai,Creta,2026,39.8,Petrol,Sedan,2000,158,24.7,3,DOHC,2.0,MPFI,78.6,137,4106,AWD,4,Front,3859,1711,1896,2948,1009,,,Automatic
671,Maruti Suzuki,Swift,2018,16.3,Electric,Sedan,0,128,0.0,0,DOHC,0.0,Battery,0.0,248,0,RWD,4,Front,4970,1618,1731,2700,1102,24,372,Manual
672,Tata,Nexon,2026,18.1,Electric,Hatchback,0,108,0.0,0,DOHC,0.0,Battery,0.0,198,0,FWD,4,Front,3707,1669,1614,2372,942,41,406,Manual
673,Volkswagen,Taigun,2023,37.9,Diesel,SUV,2000,126,13.7,4,DOHC,2.0,MPFI,96.1,224,4360,RWD,4,Front,4639,1980,1569,2762,1642,,,Manual
674,Tata,Punch,2022,22.3,Electric,SUV,0,192,0.0,0,DOHC,0.0,Battery,0.0,197,0,AWD,5,Front,4049,1651,1491,2699,1262,48,421,Automatic
675,Tata,Punch,2020,26.8,Petrol,SUV,1200,108,19.1,4,DOHC,1.2,MPFI,91.0,193,6014,AWD,4,Front,4244,1909,1684,2948,1505,,,Automatic
676,Toyota,Fortuner,2024,26.8,Petrol,SUV,1000,77,18.1,3,DOHC,1.0,MPFI,91.1,221,5556,FWD,5,Front,3890,1766,1862,2683,1274,,,Manual
677,Audi,A6,2026,18.5,Electric,Hatchback,0,111,0.0,0,DOHC,0.0,Battery,0.0,215,0,FWD,5,Front,4081,1740,1771,2993,1593,20,414,Manual
678,Mercedes-Benz,C-Class,2024,46.7,Diesel,Sedan,2000,182,21.4,6,DOHC,2.0,MPFI,83.9,180,5069,FWD,4,Front,3702,1988,1762,2883,2036,,,Manual
679,Hyundai,Creta,2022,27.1,Diesel,Sedan,1200,99,21.0,6,DOHC,1.2,MPFI,98.2,130,4166,AWD,4,Front,3669,1727,1720,2323,1900,,,Automatic
680,Maruti Suzuki,Swift,2023,58.1,Diesel,Sedan,3000,229,20.7,4,DOHC,3.0,MPFI,94.3,130,4376,AWD,4,Front,4258,1978,1464,2734,1616,,,Manual
681,Volkswagen,Taigun,2020,28.8,Electric,Sedan,0,246,0.0,0,DOHC,0.0,Battery,0.0,171,0,AWD,4,Front,3720,1757,1560,2940,1427,80,438,Manual
682,Tata,Nexon,2020,18.5,CNG,Sedan,800,53,14.5,3,DOHC,0.8,MPFI,96.9,218,6123,FWD,4,Front,3979,1739,1476,2422,1168,,,Automatic
683,Hyundai,Creta,2017,39.1,Diesel,Hatchback,2000,164,19.4,4,DOHC,2.0,MPFI,70.7,212,4749,RWD,4,Front,3947,1663,1801,2900,951,,,Automatic
684,Volkswagen,Taigun,2026,22.4,Electric,Hatchback,0,125,0.0,0,DOHC,0.0,Battery,0.0,133,0,AWD,4,Front,4988,1571,1432,3000,803,55,263,Automatic
685,Skoda,Slavia,2021,13.4,Electric,SUV,0,85,0.0,0,DOHC,0.0,Battery,0.0,250,0,FWD,5,Front,4146,1603,1833,2330,1460,58,481,Automatic
686,Volkswagen,Taigun,2021,24.7,Diesel,Sedan,1000,66,22.9,6,DOHC,1.0,MPFI,83.7,196,4399,FWD,4,Front,4044,1822,1831,2967,895,,,Automatic
687,Audi,A6,2017,43.5,CNG,Sedan,2000,144,15.5,6,DOHC,2.0,MPFI,74.2,199,4181,AWD,4,Front,4918,1693,1765,2553,1998,,,Manual
688,MG,Hector,2026,64.6,Diesel,SUV,3000,292,15.3,3,DOHC,3.0,MPFI,93.1,146,4281,FWD,4,Front,3547,1603,1587,2455,1117,,,Manual
689,Toyota,Fortuner,2019,13.6,Electric,SUV,0,85,0.0,0,DOHC,0.0,Battery,0.0,120,0,FWD,4,Front,4643,1520,1852,2345,1750,54,466,Manual
690,Hyundai,i20,2025,23.0,Diesel,Sedan,1000,94,19.4,4,DOHC,1.0,MPFI,90.5,181,4176,FWD,4,Front,4284,1584,1496,2818,824,,,Manual
691,Kia,Seltos,2026,27.4,Electric,Hatchback,0,210,0.0,0,DOHC,0.0,Battery,0.0,174,0,AWD,4,Front,4995,1741,1422,2605,867,73,345,Manual
692,Hyundai,Creta,2026,25.8,Petrol,SUV,1200,90,15.8,6,DOHC,1.2,MPFI,95.4,160,4368,FWD,5,Front,4907,1953,1560,2543,1520,,,Manual
693,Skoda,Slavia,2023,14.9,Electric,Hatchback,0,116,0.0,0,DOHC,0.0,Battery,0.0,136,0,AWD,4,Front,4453,1589,1469,2563,1382,24,459,Automatic
694,Kia,Seltos,2022,18.2,CNG,SUV,800,79,17.9,3,DOHC,0.8,MPFI,85.2,248,6179,FWD,5,Front,4634,1741,1488,2862,898,,,Automatic
695,Volkswagen,Taigun,2023,19.8,Diesel,SUV,800,48,13.3,4,DOHC,0.8,MPFI,78.5,183,4833,FWD,4,Front,4416,1955,1729,2708,1445,,,Manual
696,Tata,Nexon,2019,30.7,Electric,Hatchback,0,211,0.0,0,DOHC,0.0,Battery,0.0,167,0,AWD,4,Front,3618,1927,1754,2513,2200,25,476,Manual
697,BMW,X1,2018,32.0,Diesel,Sedan,1200,113,24.6,4,DOHC,1.2,MPFI,85.8,237,6034,AWD,5,Front,4259,1591,1536,2584,1432,,,Automatic
698,Honda,City,2025,30.0,CNG,SUV,1200,119,19.5,4,DOHC,1.2,MPFI,96.9,165,5592,AWD,4,Front,4592,1556,1450,2764,2034,,,Automatic
699,Tata,Punch,2025,27.4,Diesel,SUV,1200,94,18.9,3,DOHC,1.2,MPFI,99.8,193,5658,FWD,4,Front,4466,1589,1683,2333,1992,,,Automatic
700,Hyundai,Creta,2019,36.8,Petrol,Sedan,1500,131,17.1,6,DOHC,1.5,MPFI,85.3,149,5667,AWD,5,Front,4160,1569,1439,2606,1088,,,Manual
